period_dt,subgroup,val,val_tot,share,broad_group
2017-01-01,Artificial Graphite,19914168.0,38487733.0,0.5174159777090535,Graphite
2017-01-01,Natural Graphite,18573565.0,38487733.0,0.48258402229094655,Graphite
2017-02-01,Artificial Graphite,13824559.0,26131353.0,0.52904107184959,Graphite
2017-02-01,Natural Graphite,12306794.0,26131353.0,0.47095892815040996,Graphite
2017-03-01,Artificial Graphite,16184991.0,35925045.0,0.4505211058190741,Graphite
2017-03-01,Natural Graphite,19740054.0,35925045.0,0.5494788941809259,Graphite
2017-04-01,Artificial Graphite,17593442.0,35110199.0,0.5010920615972584,Graphite
2017-04-01,Natural Graphite,17516757.0,35110199.0,0.4989079384027416,Graphite
2017-05-01,Artificial Graphite,19380714.0,39329243.0,0.4927812620242907,Graphite
2017-05-01,Natural Graphite,19948529.0,39329243.0,0.5072187379757093,Graphite
2017-06-01,Artificial Graphite,19578630.0,38777424.0,0.5048976435360946,Graphite
2017-06-01,Natural Graphite,19198794.0,38777424.0,0.4951023564639054,Graphite
2017-07-01,Artificial Graphite,19848603.0,40462697.0,0.490540781302838,Graphite
2017-07-01,Natural Graphite,20614094.0,40462697.0,0.5094592186971619,Graphite
2017-08-01,Artificial Graphite,23874895.0,42502666.0,0.56172699848993,Graphite
2017-08-01,Natural Graphite,18627771.0,42502666.0,0.43827300151007,Graphite
2017-09-01,Artificial Graphite,19632069.0,38790403.0,0.5061063428498023,Graphite
2017-09-01,Natural Graphite,19158334.0,38790403.0,0.4938936571501977,Graphite
2017-10-01,Artificial Graphite,22280069.0,44731809.0,0.4980811082332932,Graphite
2017-10-01,Natural Graphite,22451740.0,44731809.0,0.5019188917667068,Graphite
2017-11-01,Artificial Graphite,24264972.0,49185818.0,0.4933326919560431,Graphite
2017-11-01,Natural Graphite,24920846.0,49185818.0,0.5066673080439569,Graphite
2017-12-01,Artificial Graphite,23156399.0,47784617.0,0.48459944755861495,Graphite
2017-12-01,Natural Graphite,24628218.0,47784617.0,0.515400552441385,Graphite
2018-01-01,Artificial Graphite,31467679.0,59609945.0,0.5278931057560949,Graphite
2018-01-01,Natural Graphite,28142266.0,59609945.0,0.4721068942439051,Graphite
2018-02-01,Artificial Graphite,23603369.0,43267519.0,0.5455216648775263,Graphite
2018-02-01,Natural Graphite,19664150.0,43267519.0,0.45447833512247376,Graphite
2018-03-01,Artificial Graphite,24694804.0,53850940.0,0.45857702762477315,Graphite
2018-03-01,Natural Graphite,29156136.0,53850940.0,0.5414229723752269,Graphite
2018-04-01,Artificial Graphite,22535015.0,46751796.0,0.482013888835415,Graphite
2018-04-01,Natural Graphite,24216781.0,46751796.0,0.517986111164585,Graphite
2018-05-01,Artificial Graphite,30447872.0,57063766.0,0.5335762802616287,Graphite
2018-05-01,Natural Graphite,26615894.0,57063766.0,0.46642371973837127,Graphite
2018-06-01,Artificial Graphite,41104410.0,61577912.0,0.6675187362637434,Graphite
2018-06-01,Natural Graphite,20473502.0,61577912.0,0.3324812637362566,Graphite
2018-07-01,Artificial Graphite,34184536.0,63779207.0,0.5359824558496,Graphite
2018-07-01,Natural Graphite,29594671.0,63779207.0,0.4640175441504,Graphite
2018-08-01,Artificial Graphite,31505412.0,53513310.0,0.5887397359647535,Graphite
2018-08-01,Natural Graphite,22007898.0,53513310.0,0.41126026403524657,Graphite
2018-09-01,Artificial Graphite,40656005.0,68445153.0,0.5939939238648498,Graphite
2018-09-01,Natural Graphite,27789148.0,68445153.0,0.40600607613515016,Graphite
2018-10-01,Artificial Graphite,40646977.0,67506517.0,0.6021193035333167,Graphite
2018-10-01,Natural Graphite,26859540.0,67506517.0,0.39788069646668334,Graphite
2018-11-01,Artificial Graphite,38205402.0,62916685.0,0.6072380005399204,Graphite
2018-11-01,Natural Graphite,24711283.0,62916685.0,0.3927619994600796,Graphite
2018-12-01,Artificial Graphite,34334025.0,61642761.0,0.5569838930478795,Graphite
2018-12-01,Natural Graphite,27308736.0,61642761.0,0.44301610695212046,Graphite
2019-01-01,Artificial Graphite,29249682.0,61588458.0,0.47492148610052876,Graphite
2019-01-01,Natural Graphite,32338776.0,61588458.0,0.5250785138994712,Graphite
2019-02-01,Artificial Graphite,31886320.0,53503078.0,0.5959716934416371,Graphite
2019-02-01,Natural Graphite,21616758.0,53503078.0,0.40402830655836286,Graphite
2019-03-01,Artificial Graphite,41510273.0,73243702.0,0.5667418749532895,Graphite
2019-03-01,Natural Graphite,31733429.0,73243702.0,0.4332581250467105,Graphite
2019-04-01,Artificial Graphite,28880299.0,51936756.0,0.556066670779361,Graphite
2019-04-01,Natural Graphite,23056457.0,51936756.0,0.44393332922063905,Graphite
2019-05-01,Artificial Graphite,39769867.0,64976919.0,0.6120614460036186,Graphite
2019-05-01,Natural Graphite,25207052.0,64976919.0,0.3879385539963814,Graphite
2019-06-01,Artificial Graphite,41904166.0,69023424.0,0.6071006561482665,Graphite
2019-06-01,Natural Graphite,27119258.0,69023424.0,0.3928993438517336,Graphite
2019-07-01,Artificial Graphite,35889231.0,58193615.0,0.6167211127887484,Graphite
2019-07-01,Natural Graphite,22304384.0,58193615.0,0.38327888721125164,Graphite
2019-08-01,Artificial Graphite,46459164.0,70659068.0,0.6575117011166918,Graphite
2019-08-01,Natural Graphite,24199904.0,70659068.0,0.34248829888330823,Graphite
2019-09-01,Artificial Graphite,31489282.0,54264817.0,0.5802891033429635,Graphite
2019-09-01,Natural Graphite,22775535.0,54264817.0,0.41971089665703654,Graphite
2019-10-01,Artificial Graphite,34499104.0,52262064.0,0.6601175185120893,Graphite
2019-10-01,Natural Graphite,17762960.0,52262064.0,0.3398824814879106,Graphite
2019-11-01,Artificial Graphite,40970005.0,62269544.0,0.6579461221042505,Graphite
2019-11-01,Natural Graphite,21299539.0,62269544.0,0.3420538778957495,Graphite
2019-12-01,Artificial Graphite,33402495.0,55781723.0,0.5988071576777935,Graphite
2019-12-01,Natural Graphite,22379228.0,55781723.0,0.4011928423222065,Graphite
2020-01-01,Artificial Graphite,32517776.0,52981457.0,0.6137576775210241,Graphite
2020-01-01,Natural Graphite,20463681.0,52981457.0,0.386242322478976,Graphite
2020-02-01,Artificial Graphite,21308050.0,36491661.0,0.5839155964975121,Graphite
2020-02-01,Natural Graphite,15183611.0,36491661.0,0.4160844035024879,Graphite
2020-03-01,Artificial Graphite,38724664.0,73945842.0,0.5236895402448727,Graphite
2020-03-01,Natural Graphite,35221178.0,73945842.0,0.47631045975512726,Graphite
2020-04-01,Artificial Graphite,41848254.0,73126656.0,0.5722708556507766,Graphite
2020-04-01,Natural Graphite,31278402.0,73126656.0,0.4277291443492234,Graphite
2020-05-01,Artificial Graphite,31483361.0,52126908.0,0.6039752252330025,Graphite
2020-05-01,Natural Graphite,20643547.0,52126908.0,0.3960247747669975,Graphite
2020-06-01,Artificial Graphite,25968675.0,49388689.0,0.5258020718063604,Graphite
2020-06-01,Natural Graphite,23420014.0,49388689.0,0.47419792819363965,Graphite
2020-07-01,Artificial Graphite,40697080.0,67127847.0,0.6062622565565078,Graphite
2020-07-01,Natural Graphite,26430767.0,67127847.0,0.3937377434434922,Graphite
2020-08-01,Artificial Graphite,48679563.0,70227756.0,0.6931670008080566,Graphite
2020-08-01,Natural Graphite,21548193.0,70227756.0,0.3068329991919434,Graphite
2020-09-01,Artificial Graphite,49468859.0,73216469.0,0.675652072213425,Graphite
2020-09-01,Natural Graphite,23747610.0,73216469.0,0.3243479277865749,Graphite
2020-10-01,Artificial Graphite,48494957.0,70582246.0,0.6870701875936337,Graphite
2020-10-01,Natural Graphite,22087289.0,70582246.0,0.3129298124063663,Graphite
2020-11-01,Artificial Graphite,55377893.0,84691012.0,0.6538815830893602,Graphite
2020-11-01,Natural Graphite,29313119.0,84691012.0,0.3461184169106398,Graphite
2020-12-01,Artificial Graphite,60168052.0,96101608.0,0.6260878798198674,Graphite
2020-12-01,Natural Graphite,35933556.0,96101608.0,0.3739121201801327,Graphite
2021-01-01,Artificial Graphite,52177641.0,71594353.0,0.7287954819565169,Graphite
2021-01-01,Natural Graphite,19416712.0,71594353.0,0.2712045180434831,Graphite
2021-02-01,Artificial Graphite,55152240.0,75653800.0,0.7290081925825272,Graphite
2021-02-01,Natural Graphite,20501560.0,75653800.0,0.27099180741747275,Graphite
2021-03-01,Artificial Graphite,65425885.0,87233203.0,0.7500112657791552,Graphite
2021-03-01,Natural Graphite,21807318.0,87233203.0,0.24998873422084478,Graphite
2021-04-01,Artificial Graphite,59966364.0,80339787.0,0.7464092977991091,Graphite
2021-04-01,Natural Graphite,20373423.0,80339787.0,0.2535907022008908,Graphite
2021-05-01,Artificial Graphite,47954930.0,71348944.0,0.6721182867121341,Graphite
2021-05-01,Natural Graphite,23394014.0,71348944.0,0.3278817132878659,Graphite
2021-06-01,Artificial Graphite,88129981.0,111379690.0,0.7912571941976135,Graphite
2021-06-01,Natural Graphite,23249709.0,111379690.0,0.2087428058023864,Graphite
2021-07-01,Artificial Graphite,55791023.0,79656291.0,0.7003969466768167,Graphite
2021-07-01,Natural Graphite,23865268.0,79656291.0,0.2996030533231832,Graphite
2021-08-01,Artificial Graphite,63330639.0,89494029.0,0.7076521160981589,Graphite
2021-08-01,Natural Graphite,26163390.0,89494029.0,0.2923478839018411,Graphite
2021-09-01,Artificial Graphite,70491023.0,95993459.0,0.7343315235676631,Graphite
2021-09-01,Natural Graphite,25502436.0,95993459.0,0.26566847643233693,Graphite
2021-10-01,Artificial Graphite,52439371.0,72851372.0,0.7198130873911338,Graphite
2021-10-01,Natural Graphite,20412001.0,72851372.0,0.2801869126088662,Graphite
2021-11-01,Artificial Graphite,59935567.0,91100477.0,0.6579061819840966,Graphite
2021-11-01,Natural Graphite,31164910.0,91100477.0,0.3420938180159035,Graphite
2021-12-01,Artificial Graphite,70216030.0,97398361.0,0.7209159299918815,Graphite
2021-12-01,Natural Graphite,27182331.0,97398361.0,0.2790840700081185,Graphite
2022-01-01,Artificial Graphite,64730738.0,92417238.0,0.7004184435808394,Graphite
2022-01-01,Natural Graphite,27686500.0,92417238.0,0.2995815564191607,Graphite
2022-02-01,Artificial Graphite,74305233.0,91157890.0,0.8151267323102805,Graphite
2022-02-01,Natural Graphite,16852657.0,91157890.0,0.18487326768971946,Graphite
2022-03-01,Artificial Graphite,71551338.0,94624918.0,0.7561574637243015,Graphite
2022-03-01,Natural Graphite,23073580.0,94624918.0,0.24384253627569855,Graphite
2022-04-01,Artificial Graphite,70053456.0,93274653.0,0.7510449382213193,Graphite
2022-04-01,Natural Graphite,23221197.0,93274653.0,0.24895506177868065,Graphite
2022-05-01,Artificial Graphite,71699299.0,109159493.0,0.6568306340521387,Graphite
2022-05-01,Natural Graphite,37460194.0,109159493.0,0.34316936594786124,Graphite
2022-06-01,Artificial Graphite,93659021.0,124500251.0,0.752279776528322,Graphite
2022-06-01,Natural Graphite,30841230.0,124500251.0,0.247720223471678,Graphite
2022-07-01,Artificial Graphite,90861178.0,120783046.0,0.7522676485572322,Graphite
2022-07-01,Natural Graphite,29921868.0,120783046.0,0.2477323514427679,Graphite
2022-08-01,Artificial Graphite,109443502.0,148410791.0,0.7374362825139851,Graphite
2022-08-01,Natural Graphite,38967289.0,148410791.0,0.26256371748601487,Graphite
2022-09-01,Artificial Graphite,123198577.0,153976618.0,0.8001122417171158,Graphite
2022-09-01,Natural Graphite,30778041.0,153976618.0,0.19988775828288421,Graphite
2022-10-01,Artificial Graphite,130352372.0,156583251.0,0.8324796628472096,Graphite
2022-10-01,Natural Graphite,26230879.0,156583251.0,0.16752033715279038,Graphite
2022-11-01,Artificial Graphite,129459715.0,161252175.0,0.8028401167302085,Graphite
2022-11-01,Natural Graphite,31792460.0,161252175.0,0.19715988326979156,Graphite
2022-12-01,Artificial Graphite,115852044.0,147759616.0,0.7840575600846175,Graphite
2022-12-01,Natural Graphite,31907572.0,147759616.0,0.21594243991538256,Graphite
2023-01-01,Artificial Graphite,129759369.0,156334750.0,0.8300097643038415,Graphite
2023-01-01,Natural Graphite,26575381.0,156334750.0,0.1699902356961584,Graphite
2023-02-01,Artificial Graphite,110822236.0,129055617.0,0.8587168739815486,Graphite
2023-02-01,Natural Graphite,18233381.0,129055617.0,0.14128312601845142,Graphite
2023-03-01,Artificial Graphite,128525660.0,156285890.0,0.8223753276767339,Graphite
2023-03-01,Natural Graphite,27760230.0,156285890.0,0.17762467232326604,Graphite
2023-04-01,Artificial Graphite,104573527.0,123767624.0,0.8449182720030239,Graphite
2023-04-01,Natural Graphite,19194097.0,123767624.0,0.155081727996976,Graphite
2023-05-01,Artificial Graphite,107141111.0,128448676.0,0.8341161180984069,Graphite
2023-05-01,Natural Graphite,21307565.0,128448676.0,0.16588388190159314,Graphite
2023-06-01,Artificial Graphite,102464175.0,123537101.0,0.8294202646053674,Graphite
2023-06-01,Natural Graphite,21072926.0,123537101.0,0.1705797353946326,Graphite
2023-07-01,Artificial Graphite,119564221.0,138910422.0,0.8607289451615084,Graphite
2023-07-01,Natural Graphite,19346201.0,138910422.0,0.13927105483849153,Graphite
2023-08-01,Artificial Graphite,103042432.0,123288786.0,0.8357810579787849,Graphite
2023-08-01,Natural Graphite,20246354.0,123288786.0,0.16421894202121512,Graphite
2023-09-01,Artificial Graphite,98432720.0,115015808.0,0.8558190540208177,Graphite
2023-09-01,Natural Graphite,16583088.0,115015808.0,0.14418094597918227,Graphite
2023-10-01,Artificial Graphite,88252762.0,104580369.0,0.8438750297390899,Graphite
2023-10-01,Natural Graphite,16327607.0,104580369.0,0.15612497026091005,Graphite
2023-11-01,Artificial Graphite,126493151.0,176007888.0,0.7186788753467686,Graphite
2023-11-01,Natural Graphite,49514737.0,176007888.0,0.28132112465323145,Graphite
2023-12-01,Artificial Graphite,47298656.0,50267224.0,0.9409442622095066,Graphite
2023-12-01,Natural Graphite,2968568.0,50267224.0,0.059055737790493466,Graphite
2024-01-01,Artificial Graphite,55015421.0,60767177.0,0.9053476517429796,Graphite
2024-01-01,Natural Graphite,5751756.0,60767177.0,0.0946523482570204,Graphite
2024-02-01,Artificial Graphite,73276578.0,80701125.0,0.907999460974057,Graphite
2024-02-01,Natural Graphite,7424547.0,80701125.0,0.09200053902594295,Graphite
2024-03-01,Artificial Graphite,104465831.0,120600677.0,0.8662126415758015,Graphite
2024-03-01,Natural Graphite,16134846.0,120600677.0,0.13378735842419856,Graphite
2024-04-01,Artificial Graphite,91400611.0,105956081.0,0.8626273276377596,Graphite
2024-04-01,Natural Graphite,14555470.0,105956081.0,0.13737267236224035,Graphite
2024-05-01,Artificial Graphite,83738074.0,100801330.0,0.8307239001707616,Graphite
2024-05-01,Natural Graphite,17063256.0,100801330.0,0.16927609982923836,Graphite
2024-06-01,Artificial Graphite,68506201.0,87561308.0,0.7823798269436542,Graphite
2024-06-01,Natural Graphite,19055107.0,87561308.0,0.21762017305634584,Graphite
2024-07-01,Artificial Graphite,49045266.0,63835050.0,0.7683124866354769,Graphite
2024-07-01,Natural Graphite,14789784.0,63835050.0,0.2316875133645231,Graphite
2024-08-01,Artificial Graphite,62680861.0,76895492.0,0.8151435067220846,Graphite
2024-08-01,Natural Graphite,14214631.0,76895492.0,0.18485649327791542,Graphite
2024-09-01,Artificial Graphite,60614870.0,77151905.0,0.7856561675307953,Graphite
2024-09-01,Natural Graphite,16537035.0,77151905.0,0.21434383246920474,Graphite
2024-10-01,Artificial Graphite,57810182.0,70231660.0,0.8231356342709257,Graphite
2024-10-01,Natural Graphite,12421478.0,70231660.0,0.17686436572907432,Graphite
2024-11-01,Artificial Graphite,66655252.0,86720707.0,0.7686197945780123,Graphite
2024-11-01,Natural Graphite,20065455.0,86720707.0,0.23138020542198762,Graphite
2024-12-01,Artificial Graphite,69565580.0,87671031.0,0.7934842239964076,Graphite
2024-12-01,Natural Graphite,18105451.0,87671031.0,0.20651577600359233,Graphite
2017-01-01,Ga/Ge Compounds,58118526.0,68554019.0,0.8477770792694153,Gallium/Germanium
2017-01-01,Unwrought Ga/Ge,4739322.0,68554019.0,0.06913266456340073,Gallium/Germanium
2017-01-01,Wrought Ga/Ge,5696171.0,68554019.0,0.08309025616718402,Gallium/Germanium
2017-02-01,Ga/Ge Compounds,45815145.0,54304195.0,0.8436759812018206,Gallium/Germanium
2017-02-01,Unwrought Ga/Ge,4528918.0,54304195.0,0.08339904495407767,Gallium/Germanium
2017-02-01,Wrought Ga/Ge,3960132.0,54304195.0,0.07292497384410174,Gallium/Germanium
2017-03-01,Ga/Ge Compounds,67630469.0,81568047.0,0.8291294383939338,Gallium/Germanium
2017-03-01,Unwrought Ga/Ge,4839454.0,81568047.0,0.059330266911993126,Gallium/Germanium
2017-03-01,Wrought Ga/Ge,9098124.0,81568047.0,0.11154029469407303,Gallium/Germanium
2017-04-01,Ga/Ge Compounds,65672660.0,73777607.0,0.8901435363714088,Gallium/Germanium
2017-04-01,Unwrought Ga/Ge,2726950.0,73777607.0,0.036961757244308564,Gallium/Germanium
2017-04-01,Wrought Ga/Ge,5377997.0,73777607.0,0.0728947063842827,Gallium/Germanium
2017-05-01,Ga/Ge Compounds,68134184.0,81393698.0,0.8370940954175592,Gallium/Germanium
2017-05-01,Unwrought Ga/Ge,7081579.0,81393698.0,0.0870040208764074,Gallium/Germanium
2017-05-01,Wrought Ga/Ge,6177935.0,81393698.0,0.07590188370603336,Gallium/Germanium
2017-06-01,Ga/Ge Compounds,81449187.0,94753508.0,0.85959020113535,Gallium/Germanium
2017-06-01,Unwrought Ga/Ge,4365459.0,94753508.0,0.04607174016185237,Gallium/Germanium
2017-06-01,Wrought Ga/Ge,8938862.0,94753508.0,0.09433805870279757,Gallium/Germanium
2017-07-01,Ga/Ge Compounds,81806560.0,92660174.0,0.8828664621329116,Gallium/Germanium
2017-07-01,Unwrought Ga/Ge,4783344.0,92660174.0,0.05162243705693883,Gallium/Germanium
2017-07-01,Wrought Ga/Ge,6070270.0,92660174.0,0.06551110081014958,Gallium/Germanium
2017-08-01,Ga/Ge Compounds,76912927.0,86695577.0,0.8871609101811503,Gallium/Germanium
2017-08-01,Unwrought Ga/Ge,3831518.0,86695577.0,0.04419508044799102,Gallium/Germanium
2017-08-01,Wrought Ga/Ge,5951132.0,86695577.0,0.06864400937085868,Gallium/Germanium
2017-09-01,Ga/Ge Compounds,82895316.0,92875067.0,0.8925465001279622,Gallium/Germanium
2017-09-01,Unwrought Ga/Ge,5468011.0,92875067.0,0.05887490772954167,Gallium/Germanium
2017-09-01,Wrought Ga/Ge,4511740.0,92875067.0,0.048578592142496116,Gallium/Germanium
2017-10-01,Ga/Ge Compounds,96888408.0,107827022.0,0.8985540563292196,Gallium/Germanium
2017-10-01,Unwrought Ga/Ge,6794210.0,107827022.0,0.06301027213753524,Gallium/Germanium
2017-10-01,Wrought Ga/Ge,4144404.0,107827022.0,0.03843567153324516,Gallium/Germanium
2017-11-01,Ga/Ge Compounds,115295816.0,130286727.0,0.8849390774856137,Gallium/Germanium
2017-11-01,Unwrought Ga/Ge,9536037.0,130286727.0,0.07319269751860448,Gallium/Germanium
2017-11-01,Wrought Ga/Ge,5454874.0,130286727.0,0.04186822499578181,Gallium/Germanium
2017-12-01,Ga/Ge Compounds,96680909.0,108376035.0,0.8920875265458826,Gallium/Germanium
2017-12-01,Unwrought Ga/Ge,6466001.0,108376035.0,0.05966264589768393,Gallium/Germanium
2017-12-01,Wrought Ga/Ge,5229125.0,108376035.0,0.048249827556433485,Gallium/Germanium
2018-01-01,Ga/Ge Compounds,100036552.0,112554980.0,0.8887794391683069,Gallium/Germanium
2018-01-01,Unwrought Ga/Ge,8377617.0,112554980.0,0.07443133124807094,Gallium/Germanium
2018-01-01,Wrought Ga/Ge,4140811.0,112554980.0,0.03678922958362216,Gallium/Germanium
2018-02-01,Ga/Ge Compounds,102273410.0,119465776.0,0.8560896134806005,Gallium/Germanium
2018-02-01,Unwrought Ga/Ge,10294296.0,119465776.0,0.08616941474519028,Gallium/Germanium
2018-02-01,Wrought Ga/Ge,6898070.0,119465776.0,0.05774097177420921,Gallium/Germanium
2018-03-01,Ga/Ge Compounds,134333148.0,155064037.0,0.8663075629844462,Gallium/Germanium
2018-03-01,Unwrought Ga/Ge,11918934.0,155064037.0,0.0768645924006222,Gallium/Germanium
2018-03-01,Wrought Ga/Ge,8811955.0,155064037.0,0.05682784461493157,Gallium/Germanium
2018-04-01,Ga/Ge Compounds,125892752.0,151415722.0,0.8314377816063249,Gallium/Germanium
2018-04-01,Unwrought Ga/Ge,14649944.0,151415722.0,0.0967531231664305,Gallium/Germanium
2018-04-01,Wrought Ga/Ge,10873026.0,151415722.0,0.07180909522724463,Gallium/Germanium
2018-05-01,Ga/Ge Compounds,159553701.0,177988347.0,0.8964277925453176,Gallium/Germanium
2018-05-01,Unwrought Ga/Ge,12433674.0,177988347.0,0.0698566743810481,Gallium/Germanium
2018-05-01,Wrought Ga/Ge,6000972.0,177988347.0,0.033715533073634306,Gallium/Germanium
2018-06-01,Ga/Ge Compounds,140730476.0,160486773.0,0.8768976618403312,Gallium/Germanium
2018-06-01,Unwrought Ga/Ge,10690802.0,160486773.0,0.06661484806601477,Gallium/Germanium
2018-06-01,Wrought Ga/Ge,9065495.0,160486773.0,0.05648749009365401,Gallium/Germanium
2018-07-01,Ga/Ge Compounds,157881080.0,174045679.0,0.9071243877304187,Gallium/Germanium
2018-07-01,Unwrought Ga/Ge,7136460.0,174045679.0,0.04100337360285744,Gallium/Germanium
2018-07-01,Wrought Ga/Ge,9028139.0,174045679.0,0.05187223866672381,Gallium/Germanium
2018-08-01,Ga/Ge Compounds,179192024.0,197517538.0,0.9072208261324116,Gallium/Germanium
2018-08-01,Unwrought Ga/Ge,10690490.0,197517538.0,0.05412425705711257,Gallium/Germanium
2018-08-01,Wrought Ga/Ge,7635024.0,197517538.0,0.03865491681047584,Gallium/Germanium
2018-09-01,Ga/Ge Compounds,162570097.0,183639332.0,0.8852683966417391,Gallium/Germanium
2018-09-01,Unwrought Ga/Ge,7899177.0,183639332.0,0.04301462499329937,Gallium/Germanium
2018-09-01,Wrought Ga/Ge,13170058.0,183639332.0,0.0717169783649616,Gallium/Germanium
2018-10-01,Ga/Ge Compounds,163276094.0,177626970.0,0.9192077869706385,Gallium/Germanium
2018-10-01,Unwrought Ga/Ge,5567020.0,177626970.0,0.03134107393713916,Gallium/Germanium
2018-10-01,Wrought Ga/Ge,8783856.0,177626970.0,0.04945113909222231,Gallium/Germanium
2018-11-01,Ga/Ge Compounds,193489670.0,210254171.0,0.9202655485012946,Gallium/Germanium
2018-11-01,Unwrought Ga/Ge,7851285.0,210254171.0,0.03734187513454846,Gallium/Germanium
2018-11-01,Wrought Ga/Ge,8913216.0,210254171.0,0.042392576364156886,Gallium/Germanium
2018-12-01,Ga/Ge Compounds,153779351.0,174700174.0,0.8802472686718675,Gallium/Germanium
2018-12-01,Unwrought Ga/Ge,8860529.0,174700174.0,0.0507184898396266,Gallium/Germanium
2018-12-01,Wrought Ga/Ge,12060294.0,174700174.0,0.0690342414885059,Gallium/Germanium
2019-01-01,Ga/Ge Compounds,157459188.0,175581397.0,0.8967874199110057,Gallium/Germanium
2019-01-01,Unwrought Ga/Ge,7512815.0,175581397.0,0.042788217478415436,Gallium/Germanium
2019-01-01,Wrought Ga/Ge,10609394.0,175581397.0,0.06042436261057884,Gallium/Germanium
2019-02-01,Ga/Ge Compounds,123008253.0,133154873.0,0.9237983577213881,Gallium/Germanium
2019-02-01,Unwrought Ga/Ge,4522572.0,133154873.0,0.03396475020482352,Gallium/Germanium
2019-02-01,Wrought Ga/Ge,5624048.0,133154873.0,0.04223689207378839,Gallium/Germanium
2019-03-01,Ga/Ge Compounds,121049691.0,140612901.0,0.8608718697866848,Gallium/Germanium
2019-03-01,Unwrought Ga/Ge,9414804.0,140612901.0,0.06695547800411286,Gallium/Germanium
2019-03-01,Wrought Ga/Ge,10148406.0,140612901.0,0.07217265220920234,Gallium/Germanium
2019-04-01,Ga/Ge Compounds,102720168.0,115578916.0,0.8887448641584422,Gallium/Germanium
2019-04-01,Unwrought Ga/Ge,2877319.0,115578916.0,0.024894843277471126,Gallium/Germanium
2019-04-01,Wrought Ga/Ge,9981429.0,115578916.0,0.08636029256408669,Gallium/Germanium
2019-05-01,Ga/Ge Compounds,130234466.0,138750008.0,0.9386267278629634,Gallium/Germanium
2019-05-01,Unwrought Ga/Ge,3314645.0,138750008.0,0.02388933195593041,Gallium/Germanium
2019-05-01,Wrought Ga/Ge,5200897.0,138750008.0,0.03748394018110615,Gallium/Germanium
2019-06-01,Ga/Ge Compounds,130179255.0,141646391.0,0.9190439239641481,Gallium/Germanium
2019-06-01,Unwrought Ga/Ge,3245494.0,141646391.0,0.022912648723962193,Gallium/Germanium
2019-06-01,Wrought Ga/Ge,8221642.0,141646391.0,0.05804342731188965,Gallium/Germanium
2019-07-01,Ga/Ge Compounds,101434983.0,110096927.0,0.9213243799256995,Gallium/Germanium
2019-07-01,Unwrought Ga/Ge,2072067.0,110096927.0,0.01882038905590889,Gallium/Germanium
2019-07-01,Wrought Ga/Ge,6589877.0,110096927.0,0.05985523101839164,Gallium/Germanium
2019-08-01,Ga/Ge Compounds,141552545.0,149242149.0,0.9484756548232229,Gallium/Germanium
2019-08-01,Unwrought Ga/Ge,2594647.0,149242149.0,0.01738548404311707,Gallium/Germanium
2019-08-01,Wrought Ga/Ge,5094957.0,149242149.0,0.034138861133660034,Gallium/Germanium
2019-09-01,Ga/Ge Compounds,131771361.0,139121118.0,0.9471700838401831,Gallium/Germanium
2019-09-01,Unwrought Ga/Ge,1060923.0,139121118.0,0.007625894725774128,Gallium/Germanium
2019-09-01,Wrought Ga/Ge,6288834.0,139121118.0,0.04520402143404282,Gallium/Germanium
2019-10-01,Ga/Ge Compounds,127459167.0,132321946.0,0.9632503968767206,Gallium/Germanium
2019-10-01,Unwrought Ga/Ge,2506036.0,132321946.0,0.018938929450145782,Gallium/Germanium
2019-10-01,Wrought Ga/Ge,2356743.0,132321946.0,0.017810673673133555,Gallium/Germanium
2019-11-01,Ga/Ge Compounds,130262026.0,136346611.0,0.9553741383421698,Gallium/Germanium
2019-11-01,Unwrought Ga/Ge,2474516.0,136346611.0,0.01814871658232855,Gallium/Germanium
2019-11-01,Wrought Ga/Ge,3610069.0,136346611.0,0.02647714507550173,Gallium/Germanium
2019-12-01,Ga/Ge Compounds,181828291.0,188847975.0,0.9628289156926358,Gallium/Germanium
2019-12-01,Unwrought Ga/Ge,3788003.0,188847975.0,0.020058478254797278,Gallium/Germanium
2019-12-01,Wrought Ga/Ge,3231681.0,188847975.0,0.017112606052566887,Gallium/Germanium
2020-01-01,Ga/Ge Compounds,107698603.0,115900261.0,0.9292352068128648,Gallium/Germanium
2020-01-01,Unwrought Ga/Ge,4458223.0,115900261.0,0.03846603071929234,Gallium/Germanium
2020-01-01,Wrought Ga/Ge,3743435.0,115900261.0,0.03229876246784293,Gallium/Germanium
2020-02-01,Ga/Ge Compounds,62553802.0,67113219.0,0.9320638010225676,Gallium/Germanium
2020-02-01,Unwrought Ga/Ge,2547807.0,67113219.0,0.03796281921747786,Gallium/Germanium
2020-02-01,Wrought Ga/Ge,2011610.0,67113219.0,0.029973379759954594,Gallium/Germanium
2020-03-01,Ga/Ge Compounds,243284326.0,251765881.0,0.9663117378482273,Gallium/Germanium
2020-03-01,Unwrought Ga/Ge,4309690.0,251765881.0,0.0171178476721395,Gallium/Germanium
2020-03-01,Wrought Ga/Ge,4171865.0,251765881.0,0.016570414479633165,Gallium/Germanium
2020-04-01,Ga/Ge Compounds,143326833.0,153791890.0,0.9319531283476652,Gallium/Germanium
2020-04-01,Unwrought Ga/Ge,2994306.0,153791890.0,0.019469856310368513,Gallium/Germanium
2020-04-01,Wrought Ga/Ge,7470751.0,153791890.0,0.04857701534196634,Gallium/Germanium
2020-05-01,Ga/Ge Compounds,118648382.0,132916913.0,0.8926507494196769,Gallium/Germanium
2020-05-01,Unwrought Ga/Ge,4147086.0,132916913.0,0.031200589198155694,Gallium/Germanium
2020-05-01,Wrought Ga/Ge,10121445.0,132916913.0,0.07614866138216737,Gallium/Germanium
2020-06-01,Ga/Ge Compounds,101002414.0,111492773.0,0.9059099642270086,Gallium/Germanium
2020-06-01,Unwrought Ga/Ge,2492883.0,111492773.0,0.02235914430077006,Gallium/Germanium
2020-06-01,Wrought Ga/Ge,7997476.0,111492773.0,0.07173089147222125,Gallium/Germanium
2020-07-01,Ga/Ge Compounds,111236379.0,117024984.0,0.9505353062043572,Gallium/Germanium
2020-07-01,Unwrought Ga/Ge,2447161.0,117024984.0,0.020911440586054684,Gallium/Germanium
2020-07-01,Wrought Ga/Ge,3341444.0,117024984.0,0.028553253209588132,Gallium/Germanium
2020-08-01,Ga/Ge Compounds,96595243.0,100381578.0,0.9622805790122168,Gallium/Germanium
2020-08-01,Unwrought Ga/Ge,1241730.0,100381578.0,0.012370098425828691,Gallium/Germanium
2020-08-01,Wrought Ga/Ge,2544605.0,100381578.0,0.025349322561954546,Gallium/Germanium
2020-09-01,Ga/Ge Compounds,129533401.0,137809052.0,0.9399484222560358,Gallium/Germanium
2020-09-01,Unwrought Ga/Ge,4026544.0,137809052.0,0.029218283861353316,Gallium/Germanium
2020-09-01,Wrought Ga/Ge,4249107.0,137809052.0,0.030833293882610847,Gallium/Germanium
2020-10-01,Ga/Ge Compounds,146465438.0,150435253.0,0.973611138873147,Gallium/Germanium
2020-10-01,Unwrought Ga/Ge,557542.0,150435253.0,0.003706192457428845,Gallium/Germanium
2020-10-01,Wrought Ga/Ge,3412273.0,150435253.0,0.022682668669424182,Gallium/Germanium
2020-11-01,Ga/Ge Compounds,150735105.0,157166501.0,0.9590790915425419,Gallium/Germanium
2020-11-01,Unwrought Ga/Ge,1365474.0,157166501.0,0.00868807278467057,Gallium/Germanium
2020-11-01,Wrought Ga/Ge,5065922.0,157166501.0,0.03223283567278755,Gallium/Germanium
2020-12-01,Ga/Ge Compounds,177147320.0,187616439.0,0.9441993513159047,Gallium/Germanium
2020-12-01,Unwrought Ga/Ge,3278560.0,187616439.0,0.017474801341901602,Gallium/Germanium
2020-12-01,Wrought Ga/Ge,7190559.0,187616439.0,0.03832584734219372,Gallium/Germanium
2021-01-01,Ga/Ge Compounds,186527815.0,197147843.0,0.9461316551152934,Gallium/Germanium
2021-01-01,Unwrought Ga/Ge,5928386.0,197147843.0,0.030070762681385258,Gallium/Germanium
2021-01-01,Wrought Ga/Ge,4691642.0,197147843.0,0.023797582203321392,Gallium/Germanium
2021-02-01,Ga/Ge Compounds,154916740.0,168814652.0,0.9176735441186704,Gallium/Germanium
2021-02-01,Unwrought Ga/Ge,3845979.0,168814652.0,0.02278225826037896,Gallium/Germanium
2021-02-01,Wrought Ga/Ge,10051933.0,168814652.0,0.05954419762095058,Gallium/Germanium
2021-03-01,Ga/Ge Compounds,221208647.0,239097396.0,0.9251821671867978,Gallium/Germanium
2021-03-01,Unwrought Ga/Ge,6205744.0,239097396.0,0.02595487907363073,Gallium/Germanium
2021-03-01,Wrought Ga/Ge,11683005.0,239097396.0,0.04886295373957147,Gallium/Germanium
2021-04-01,Ga/Ge Compounds,214694411.0,229445654.0,0.9357092072007605,Gallium/Germanium
2021-04-01,Unwrought Ga/Ge,7572279.0,229445654.0,0.0330024947868483,Gallium/Germanium
2021-04-01,Wrought Ga/Ge,7178964.0,229445654.0,0.031288298012391205,Gallium/Germanium
2021-05-01,Ga/Ge Compounds,221060598.0,241402950.0,0.9157327944832488,Gallium/Germanium
2021-05-01,Unwrought Ga/Ge,10687374.0,241402950.0,0.04427192791140291,Gallium/Germanium
2021-05-01,Wrought Ga/Ge,9654978.0,241402950.0,0.03999527760534824,Gallium/Germanium
2021-06-01,Ga/Ge Compounds,225968333.0,245123655.0,0.9218544534186225,Gallium/Germanium
2021-06-01,Unwrought Ga/Ge,11146133.0,245123655.0,0.04547147030750663,Gallium/Germanium
2021-06-01,Wrought Ga/Ge,8009189.0,245123655.0,0.03267407627387083,Gallium/Germanium
2021-07-01,Ga/Ge Compounds,242970367.0,268981901.0,0.9032963411170182,Gallium/Germanium
2021-07-01,Unwrought Ga/Ge,16934408.0,268981901.0,0.06295742552581633,Gallium/Germanium
2021-07-01,Wrought Ga/Ge,9077126.0,268981901.0,0.03374623335716554,Gallium/Germanium
2021-08-01,Ga/Ge Compounds,235002503.0,255092042.0,0.9212459203254957,Gallium/Germanium
2021-08-01,Unwrought Ga/Ge,11545536.0,255092042.0,0.04526027511277674,Gallium/Germanium
2021-08-01,Wrought Ga/Ge,8544003.0,255092042.0,0.03349380456172757,Gallium/Germanium
2021-09-01,Ga/Ge Compounds,281810472.0,296923543.0,0.9491011361130094,Gallium/Germanium
2021-09-01,Unwrought Ga/Ge,8337641.0,296923543.0,0.02808009400588353,Gallium/Germanium
2021-09-01,Wrought Ga/Ge,6775430.0,296923543.0,0.02281876988110707,Gallium/Germanium
2021-10-01,Ga/Ge Compounds,249271442.0,267746332.0,0.9309985318491684,Gallium/Germanium
2021-10-01,Unwrought Ga/Ge,8416135.0,267746332.0,0.03143324107237443,Gallium/Germanium
2021-10-01,Wrought Ga/Ge,10058755.0,267746332.0,0.03756822707845723,Gallium/Germanium
2021-11-01,Ga/Ge Compounds,247111201.0,267534168.0,0.9236622105031459,Gallium/Germanium
2021-11-01,Unwrought Ga/Ge,6670979.0,267534168.0,0.024935054276880253,Gallium/Germanium
2021-11-01,Wrought Ga/Ge,13751988.0,267534168.0,0.05140273521997385,Gallium/Germanium
2021-12-01,Ga/Ge Compounds,297603228.0,323457998.0,0.920067612611638,Gallium/Germanium
2021-12-01,Unwrought Ga/Ge,10223870.0,323457998.0,0.03160802967685467,Gallium/Germanium
2021-12-01,Wrought Ga/Ge,15630900.0,323457998.0,0.04832435771150726,Gallium/Germanium
2022-01-01,Ga/Ge Compounds,268179501.0,285855881.0,0.9381633152406614,Gallium/Germanium
2022-01-01,Unwrought Ga/Ge,6484566.0,285855881.0,0.022684738817740118,Gallium/Germanium
2022-01-01,Wrought Ga/Ge,11191814.0,285855881.0,0.03915194594159845,Gallium/Germanium
2022-02-01,Ga/Ge Compounds,198142205.0,212279139.0,0.9334040355232457,Gallium/Germanium
2022-02-01,Unwrought Ga/Ge,5426452.0,212279139.0,0.025562813310638123,Gallium/Germanium
2022-02-01,Wrought Ga/Ge,8710482.0,212279139.0,0.041033151166116236,Gallium/Germanium
2022-03-01,Ga/Ge Compounds,263172352.0,284829668.0,0.9239639741461202,Gallium/Germanium
2022-03-01,Unwrought Ga/Ge,7922664.0,284829668.0,0.027815445124206653,Gallium/Germanium
2022-03-01,Wrought Ga/Ge,13734652.0,284829668.0,0.04822058072967315,Gallium/Germanium
2022-04-01,Ga/Ge Compounds,335791325.0,355661003.0,0.944133099124168,Gallium/Germanium
2022-04-01,Unwrought Ga/Ge,10602511.0,355661003.0,0.029810721193967955,Gallium/Germanium
2022-04-01,Wrought Ga/Ge,9267167.0,355661003.0,0.02605617968186408,Gallium/Germanium
2022-05-01,Ga/Ge Compounds,328312036.0,351593807.0,0.9337821925856618,Gallium/Germanium
2022-05-01,Unwrought Ga/Ge,13575995.0,351593807.0,0.03861272505291881,Gallium/Germanium
2022-05-01,Wrought Ga/Ge,9705776.0,351593807.0,0.027605082361419408,Gallium/Germanium
2022-06-01,Ga/Ge Compounds,364579750.0,385833716.0,0.9449141816315503,Gallium/Germanium
2022-06-01,Unwrought Ga/Ge,10112768.0,385833716.0,0.02621017184511682,Gallium/Germanium
2022-06-01,Wrought Ga/Ge,11141198.0,385833716.0,0.028875646523332864,Gallium/Germanium
2022-07-01,Ga/Ge Compounds,303770983.0,350368972.0,0.8670030946690108,Gallium/Germanium
2022-07-01,Unwrought Ga/Ge,31519620.0,350368972.0,0.08996121951118434,Gallium/Germanium
2022-07-01,Wrought Ga/Ge,15078369.0,350368972.0,0.043035685819804846,Gallium/Germanium
2022-08-01,Ga/Ge Compounds,285915156.0,306314046.0,0.9334053065264921,Gallium/Germanium
2022-08-01,Unwrought Ga/Ge,12407656.0,306314046.0,0.04050632402276453,Gallium/Germanium
2022-08-01,Wrought Ga/Ge,7991234.0,306314046.0,0.026088369450743373,Gallium/Germanium
2022-09-01,Ga/Ge Compounds,289564397.0,304408834.0,0.9512351964135181,Gallium/Germanium
2022-09-01,Unwrought Ga/Ge,9019455.0,304408834.0,0.02962941279161432,Gallium/Germanium
2022-09-01,Wrought Ga/Ge,5824982.0,304408834.0,0.019135390794867667,Gallium/Germanium
2022-10-01,Ga/Ge Compounds,246571511.0,271647344.0,0.9076897545517691,Gallium/Germanium
2022-10-01,Unwrought Ga/Ge,12211759.0,271647344.0,0.04495445757054779,Gallium/Germanium
2022-10-01,Wrought Ga/Ge,12864074.0,271647344.0,0.04735578787768306,Gallium/Germanium
2022-11-01,Ga/Ge Compounds,244029495.0,270022918.0,0.9037362339740362,Gallium/Germanium
2022-11-01,Unwrought Ga/Ge,11585682.0,270022918.0,0.042906291383755804,Gallium/Germanium
2022-11-01,Wrought Ga/Ge,14407741.0,270022918.0,0.05335747464220796,Gallium/Germanium
2022-12-01,Ga/Ge Compounds,369402036.0,426995931.0,0.8651183985170107,Gallium/Germanium
2022-12-01,Unwrought Ga/Ge,40231864.0,426995931.0,0.09422071986910807,Gallium/Germanium
2022-12-01,Wrought Ga/Ge,17362031.0,426995931.0,0.04066088161388123,Gallium/Germanium
2023-01-01,Ga/Ge Compounds,283336964.0,318621404.0,0.8892590404880646,Gallium/Germanium
2023-01-01,Unwrought Ga/Ge,19086385.0,318621404.0,0.05990302208322452,Gallium/Germanium
2023-01-01,Wrought Ga/Ge,16198055.0,318621404.0,0.050837937428710844,Gallium/Germanium
2023-02-01,Ga/Ge Compounds,267946865.0,285080585.0,0.9398986781228894,Gallium/Germanium
2023-02-01,Unwrought Ga/Ge,7050373.0,285080585.0,0.024731158033788937,Gallium/Germanium
2023-02-01,Wrought Ga/Ge,10083347.0,285080585.0,0.03537016384332171,Gallium/Germanium
2023-03-01,Ga/Ge Compounds,357017248.0,399652598.0,0.8933189719937714,Gallium/Germanium
2023-03-01,Unwrought Ga/Ge,31548999.0,399652598.0,0.07894105820375526,Gallium/Germanium
2023-03-01,Wrought Ga/Ge,11086351.0,399652598.0,0.027739969802473296,Gallium/Germanium
2023-04-01,Ga/Ge Compounds,338188675.0,359656339.0,0.9403106196885355,Gallium/Germanium
2023-04-01,Unwrought Ga/Ge,11946389.0,359656339.0,0.03321612246072493,Gallium/Germanium
2023-04-01,Wrought Ga/Ge,9521275.0,359656339.0,0.026473257850739566,Gallium/Germanium
2023-05-01,Ga/Ge Compounds,302161819.0,320954131.0,0.9414486053148822,Gallium/Germanium
2023-05-01,Unwrought Ga/Ge,7575288.0,320954131.0,0.02360240068073777,Gallium/Germanium
2023-05-01,Wrought Ga/Ge,11217024.0,320954131.0,0.03494899400438002,Gallium/Germanium
2023-06-01,Ga/Ge Compounds,308563287.0,326969660.0,0.9437061744505592,Gallium/Germanium
2023-06-01,Unwrought Ga/Ge,8301146.0,326969660.0,0.025388123167146455,Gallium/Germanium
2023-06-01,Wrought Ga/Ge,10105227.0,326969660.0,0.03090570238229443,Gallium/Germanium
2023-07-01,Ga/Ge Compounds,307204388.0,339064154.0,0.9060361715500012,Gallium/Germanium
2023-07-01,Unwrought Ga/Ge,12118646.0,339064154.0,0.035741454403345745,Gallium/Germanium
2023-07-01,Wrought Ga/Ge,19741120.0,339064154.0,0.05822237404665313,Gallium/Germanium
2023-08-01,Ga/Ge Compounds,284256747.0,299137506.0,0.9502544525459806,Gallium/Germanium
2023-08-01,Unwrought Ga/Ge,10415453.0,299137506.0,0.034818278521049115,Gallium/Germanium
2023-08-01,Wrought Ga/Ge,4465306.0,299137506.0,0.014927268932970245,Gallium/Germanium
2023-09-01,Ga/Ge Compounds,271132594.0,311482076.0,0.8704596986184207,Gallium/Germanium
2023-09-01,Unwrought Ga/Ge,30857389.0,311482076.0,0.09906633921368882,Gallium/Germanium
2023-09-01,Wrought Ga/Ge,9492093.0,311482076.0,0.03047396216789052,Gallium/Germanium
2023-10-01,Ga/Ge Compounds,186722285.0,219754681.0,0.8496851313943115,Gallium/Germanium
2023-10-01,Unwrought Ga/Ge,28127254.0,219754681.0,0.1279938787743047,Gallium/Germanium
2023-10-01,Wrought Ga/Ge,4905142.0,219754681.0,0.022320989831383843,Gallium/Germanium
2023-11-01,Ga/Ge Compounds,212814409.0,298436657.0,0.7130974161796753,Gallium/Germanium
2023-11-01,Unwrought Ga/Ge,76979401.0,298436657.0,0.2579421769893368,Gallium/Germanium
2023-11-01,Wrought Ga/Ge,8642847.0,298436657.0,0.028960406830987925,Gallium/Germanium
2023-12-01,Ga/Ge Compounds,237646446.0,304256690.0,0.781072212413801,Gallium/Germanium
2023-12-01,Unwrought Ga/Ge,50903501.0,304256690.0,0.16730445927088736,Gallium/Germanium
2023-12-01,Wrought Ga/Ge,15706743.0,304256690.0,0.051623328315311655,Gallium/Germanium
2024-01-01,Ga/Ge Compounds,206945462.0,225271103.0,0.9186507245893851,Gallium/Germanium
2024-01-01,Unwrought Ga/Ge,11641709.0,225271103.0,0.051678661155221496,Gallium/Germanium
2024-01-01,Wrought Ga/Ge,6683932.0,225271103.0,0.029670614255393423,Gallium/Germanium
2024-02-01,Ga/Ge Compounds,188960214.0,208721167.0,0.905323675197734,Gallium/Germanium
2024-02-01,Unwrought Ga/Ge,9118370.0,208721167.0,0.04368684849294657,Gallium/Germanium
2024-02-01,Wrought Ga/Ge,10642583.0,208721167.0,0.05098947630931941,Gallium/Germanium
2024-03-01,Ga/Ge Compounds,218442909.0,255072649.0,0.8563948736032455,Gallium/Germanium
2024-03-01,Unwrought Ga/Ge,18111347.0,255072649.0,0.07100466110735378,Gallium/Germanium
2024-03-01,Wrought Ga/Ge,18518393.0,255072649.0,0.07260046528940074,Gallium/Germanium
2024-04-01,Ga/Ge Compounds,236222915.0,278089204.0,0.8494501462199877,Gallium/Germanium
2024-04-01,Unwrought Ga/Ge,30464589.0,278089204.0,0.10954970046230202,Gallium/Germanium
2024-04-01,Wrought Ga/Ge,11401700.0,278089204.0,0.04100015331771024,Gallium/Germanium
2024-05-01,Ga/Ge Compounds,217577167.0,251130079.0,0.8663923010194251,Gallium/Germanium
2024-05-01,Unwrought Ga/Ge,20100839.0,251130079.0,0.08004154293281611,Gallium/Germanium
2024-05-01,Wrought Ga/Ge,13452073.0,251130079.0,0.05356615604775882,Gallium/Germanium
2024-06-01,Ga/Ge Compounds,219129843.0,244622741.0,0.8957868843436759,Gallium/Germanium
2024-06-01,Unwrought Ga/Ge,11405252.0,244622741.0,0.046623841893750996,Gallium/Germanium
2024-06-01,Wrought Ga/Ge,14087646.0,244622741.0,0.057589273762573036,Gallium/Germanium
2024-07-01,Ga/Ge Compounds,155101561.0,180100700.0,0.8611935489423417,Gallium/Germanium
2024-07-01,Unwrought Ga/Ge,11506528.0,180100700.0,0.06388941297840597,Gallium/Germanium
2024-07-01,Wrought Ga/Ge,13492611.0,180100700.0,0.07491703807925233,Gallium/Germanium
2024-08-01,Ga/Ge Compounds,177791098.0,206077055.0,0.8627408713696922,Gallium/Germanium
2024-08-01,Unwrought Ga/Ge,12448176.0,206077055.0,0.060405443973372,Gallium/Germanium
2024-08-01,Wrought Ga/Ge,15837781.0,206077055.0,0.07685368465693573,Gallium/Germanium
2024-09-01,Ga/Ge Compounds,160851148.0,199061186.0,0.8080487775251173,Gallium/Germanium
2024-09-01,Unwrought Ga/Ge,24970640.0,199061186.0,0.12544203368706947,Gallium/Germanium
2024-09-01,Wrought Ga/Ge,13239398.0,199061186.0,0.06650918878781321,Gallium/Germanium
2024-10-01,Ga/Ge Compounds,152224456.0,189926790.0,0.8014901741876436,Gallium/Germanium
2024-10-01,Unwrought Ga/Ge,27793741.0,189926790.0,0.1463392341859724,Gallium/Germanium
2024-10-01,Wrought Ga/Ge,9908593.0,189926790.0,0.05217059162638404,Gallium/Germanium
2024-11-01,Ga/Ge Compounds,139170326.0,267759686.0,0.5197583253813646,Gallium/Germanium
2024-11-01,Unwrought Ga/Ge,115297647.0,267759686.0,0.43060121828795395,Gallium/Germanium
2024-11-01,Wrought Ga/Ge,13291713.0,267759686.0,0.04964045633068154,Gallium/Germanium
2024-12-01,Ga/Ge Compounds,175433177.0,305987326.0,0.5733347825001092,Gallium/Germanium
2024-12-01,Unwrought Ga/Ge,103273209.0,305987326.0,0.3375081260718622,Gallium/Germanium
2024-12-01,Wrought Ga/Ge,27280940.0,305987326.0,0.08915709142802862,Gallium/Germanium
2017-01-01,Rare Earths (Magnet),129226302.0,155772935.0,0.8295812234647822,Rare Earths
2017-01-01,Rare Earths (Metal),4254916.0,155772935.0,0.027314860569328043,Rare Earths
2017-01-01,Rare Earths (Oxide),22291717.0,155772935.0,0.1431039159658897,Rare Earths
2017-02-01,Rare Earths (Magnet),83633823.0,100616099.0,0.8312171096993136,Rare Earths
2017-02-01,Rare Earths (Metal),3834783.0,100616099.0,0.038113016089005795,Rare Earths
2017-02-01,Rare Earths (Oxide),13147493.0,100616099.0,0.13066987421168058,Rare Earths
2017-03-01,Rare Earths (Magnet),134556443.0,169784959.0,0.7925109726592448,Rare Earths
2017-03-01,Rare Earths (Metal),5799003.0,169784959.0,0.03415498660278853,Rare Earths
2017-03-01,Rare Earths (Oxide),29429513.0,169784959.0,0.17333404073796665,Rare Earths
2017-04-01,Rare Earths (Magnet),133777544.0,169262205.0,0.7903568549163117,Rare Earths
2017-04-01,Rare Earths (Metal),7944949.0,169262205.0,0.04693870672428024,Rare Earths
2017-04-01,Rare Earths (Oxide),27539712.0,169262205.0,0.16270443835940812,Rare Earths
2017-05-01,Rare Earths (Magnet),146177051.0,176209667.0,0.829563176008953,Rare Earths
2017-05-01,Rare Earths (Metal),4936920.0,176209667.0,0.02801730508916971,Rare Earths
2017-05-01,Rare Earths (Oxide),25095696.0,176209667.0,0.14241951890187726,Rare Earths
2017-06-01,Rare Earths (Magnet),137299958.0,168970415.0,0.8125680344692294,Rare Earths
2017-06-01,Rare Earths (Metal),7171090.0,168970415.0,0.04243991470341125,Rare Earths
2017-06-01,Rare Earths (Oxide),24499367.0,168970415.0,0.14499205082735933,Rare Earths
2017-07-01,Rare Earths (Magnet),130023212.0,155534744.0,0.8359753496620665,Rare Earths
2017-07-01,Rare Earths (Metal),5260370.0,155534744.0,0.03382118917429793,Rare Earths
2017-07-01,Rare Earths (Oxide),20251162.0,155534744.0,0.13020346116363557,Rare Earths
2017-08-01,Rare Earths (Magnet),144851375.0,175743791.0,0.8242190189239744,Rare Earths
2017-08-01,Rare Earths (Metal),6975757.0,175743791.0,0.039692765020643034,Rare Earths
2017-08-01,Rare Earths (Oxide),23916659.0,175743791.0,0.13608821605538257,Rare Earths
2017-09-01,Rare Earths (Magnet),132749474.0,171005807.0,0.7762863514921455,Rare Earths
2017-09-01,Rare Earths (Metal),7088810.0,171005807.0,0.0414536215135665,Rare Earths
2017-09-01,Rare Earths (Oxide),31167523.0,171005807.0,0.18226002699428798,Rare Earths
2017-10-01,Rare Earths (Magnet),144745807.0,177143018.0,0.8171126846218686,Rare Earths
2017-10-01,Rare Earths (Metal),10261162.0,177143018.0,0.05792586191570926,Rare Earths
2017-10-01,Rare Earths (Oxide),22136049.0,177143018.0,0.1249614534624221,Rare Earths
2017-11-01,Rare Earths (Magnet),164266517.0,201137945.0,0.816685867005353,Rare Earths
2017-11-01,Rare Earths (Metal),9827258.0,201137945.0,0.048858299710678656,Rare Earths
2017-11-01,Rare Earths (Oxide),27044170.0,201137945.0,0.13445583328396837,Rare Earths
2017-12-01,Rare Earths (Magnet),180600515.0,217312779.0,0.8310625625932472,Rare Earths
2017-12-01,Rare Earths (Metal),5965265.0,217312779.0,0.027450134444233488,Rare Earths
2017-12-01,Rare Earths (Oxide),30746999.0,217312779.0,0.1414873029625193,Rare Earths
2018-01-01,Rare Earths (Magnet),161101255.0,193012095.0,0.8346692211179823,Rare Earths
2018-01-01,Rare Earths (Metal),9236774.0,193012095.0,0.04785593358799613,Rare Earths
2018-01-01,Rare Earths (Oxide),22674066.0,193012095.0,0.1174748452940216,Rare Earths
2018-02-01,Rare Earths (Magnet),142913941.0,177997141.0,0.8029002050094726,Rare Earths
2018-02-01,Rare Earths (Metal),6721963.0,177997141.0,0.037764443643507735,Rare Earths
2018-02-01,Rare Earths (Oxide),28361237.0,177997141.0,0.15933535134701968,Rare Earths
2018-03-01,Rare Earths (Magnet),140701574.0,181008235.0,0.7773213964546972,Rare Earths
2018-03-01,Rare Earths (Metal),8121136.0,181008235.0,0.04486611341191189,Rare Earths
2018-03-01,Rare Earths (Oxide),32185525.0,181008235.0,0.1778124901333909,Rare Earths
2018-04-01,Rare Earths (Magnet),165126658.0,205895890.0,0.8019910353722942,Rare Earths
2018-04-01,Rare Earths (Metal),11215494.0,205895890.0,0.05447167498098189,Rare Earths
2018-04-01,Rare Earths (Oxide),29553738.0,205895890.0,0.14353728964672388,Rare Earths
2018-05-01,Rare Earths (Magnet),186536147.0,226161712.0,0.8247910106021836,Rare Earths
2018-05-01,Rare Earths (Metal),11277820.0,226161712.0,0.04986617717149223,Rare Earths
2018-05-01,Rare Earths (Oxide),28347745.0,226161712.0,0.12534281222632415,Rare Earths
2018-06-01,Rare Earths (Magnet),171084053.0,214469450.0,0.7977082656760671,Rare Earths
2018-06-01,Rare Earths (Metal),11674137.0,214469450.0,0.05443263364549123,Rare Earths
2018-06-01,Rare Earths (Oxide),31711260.0,214469450.0,0.1478591006784416,Rare Earths
2018-07-01,Rare Earths (Magnet),166169564.0,200483635.0,0.8288435312937138,Rare Earths
2018-07-01,Rare Earths (Metal),10841192.0,200483635.0,0.05407519671119291,Rare Earths
2018-07-01,Rare Earths (Oxide),23472879.0,200483635.0,0.11708127199509326,Rare Earths
2018-08-01,Rare Earths (Magnet),166223997.0,215862246.0,0.770046638910632,Rare Earths
2018-08-01,Rare Earths (Metal),13156289.0,215862246.0,0.06094761471165273,Rare Earths
2018-08-01,Rare Earths (Oxide),36481960.0,215862246.0,0.16900574637771534,Rare Earths
2018-09-01,Rare Earths (Magnet),170418459.0,212737017.0,0.8010757196995011,Rare Earths
2018-09-01,Rare Earths (Metal),20020949.0,212737017.0,0.0941112613231763,Rare Earths
2018-09-01,Rare Earths (Oxide),22297609.0,212737017.0,0.10481301897732259,Rare Earths
2018-10-01,Rare Earths (Magnet),145474122.0,181138069.0,0.8031118074908925,Rare Earths
2018-10-01,Rare Earths (Metal),14345329.0,181138069.0,0.07919554999783066,Rare Earths
2018-10-01,Rare Earths (Oxide),21318618.0,181138069.0,0.11769264251127685,Rare Earths
2018-11-01,Rare Earths (Magnet),155233552.0,194311700.0,0.7988893720758966,Rare Earths
2018-11-01,Rare Earths (Metal),18567765.0,194311700.0,0.09555659798149056,Rare Earths
2018-11-01,Rare Earths (Oxide),20510383.0,194311700.0,0.10555402994261283,Rare Earths
2018-12-01,Rare Earths (Magnet),159594041.0,200992126.0,0.794031309465327,Rare Earths
2018-12-01,Rare Earths (Metal),15695963.0,200992126.0,0.07809242736205498,Rare Earths
2018-12-01,Rare Earths (Oxide),25702122.0,200992126.0,0.12787626317261802,Rare Earths
2019-01-01,Rare Earths (Magnet),165690738.0,200751649.0,0.8253518156655341,Rare Earths
2019-01-01,Rare Earths (Metal),12777220.0,200751649.0,0.06364689935871959,Rare Earths
2019-01-01,Rare Earths (Oxide),22283691.0,200751649.0,0.11100128497574632,Rare Earths
2019-02-01,Rare Earths (Magnet),94983398.0,130455810.0,0.7280886761578499,Rare Earths
2019-02-01,Rare Earths (Metal),9346100.0,130455810.0,0.07164188394522253,Rare Earths
2019-02-01,Rare Earths (Oxide),26126312.0,130455810.0,0.20026943989692755,Rare Earths
2019-03-01,Rare Earths (Magnet),145167088.0,179526772.0,0.808609693043442,Rare Earths
2019-03-01,Rare Earths (Metal),10389442.0,179526772.0,0.057871268358793866,Rare Earths
2019-03-01,Rare Earths (Oxide),23970242.0,179526772.0,0.13351903859776412,Rare Earths
2019-04-01,Rare Earths (Magnet),145456051.0,184196989.0,0.7896765945506308,Rare Earths
2019-04-01,Rare Earths (Metal),15102468.0,184196989.0,0.0819908516528465,Rare Earths
2019-04-01,Rare Earths (Oxide),23638470.0,184196989.0,0.1283325537965227,Rare Earths
2019-05-01,Rare Earths (Magnet),156285157.0,189947576.0,0.8227804760193412,Rare Earths
2019-05-01,Rare Earths (Metal),8941338.0,189947576.0,0.04707266177484676,Rare Earths
2019-05-01,Rare Earths (Oxide),24721081.0,189947576.0,0.13014686220581198,Rare Earths
2019-06-01,Rare Earths (Magnet),153976564.0,201956013.0,0.7624262417975146,Rare Earths
2019-06-01,Rare Earths (Metal),12504599.0,201956013.0,0.06191743842754511,Rare Earths
2019-06-01,Rare Earths (Oxide),35474850.0,201956013.0,0.1756563197749403,Rare Earths
2019-07-01,Rare Earths (Magnet),168132796.0,215423446.0,0.7804758447694686,Rare Earths
2019-07-01,Rare Earths (Metal),7897504.0,215423446.0,0.03666037354169889,Rare Earths
2019-07-01,Rare Earths (Oxide),39393146.0,215423446.0,0.18286378168883252,Rare Earths
2019-08-01,Rare Earths (Magnet),154926195.0,188941650.0,0.8199684664551199,Rare Earths
2019-08-01,Rare Earths (Metal),13020542.0,188941650.0,0.06891303214510935,Rare Earths
2019-08-01,Rare Earths (Oxide),20994913.0,188941650.0,0.11111850139977078,Rare Earths
2019-09-01,Rare Earths (Magnet),154105857.0,182419313.0,0.8447891534379367,Rare Earths
2019-09-01,Rare Earths (Metal),8100333.0,182419313.0,0.04440501867255689,Rare Earths
2019-09-01,Rare Earths (Oxide),20213123.0,182419313.0,0.11080582788950641,Rare Earths
2019-10-01,Rare Earths (Magnet),154332230.0,181510472.0,0.8502662590178268,Rare Earths
2019-10-01,Rare Earths (Metal),5368417.0,181510472.0,0.029576348630728038,Rare Earths
2019-10-01,Rare Earths (Oxide),21809825.0,181510472.0,0.12015739235144515,Rare Earths
2019-11-01,Rare Earths (Magnet),150695390.0,182331446.0,0.8264914983452717,Rare Earths
2019-11-01,Rare Earths (Metal),7203558.0,182331446.0,0.0395080396609151,Rare Earths
2019-11-01,Rare Earths (Oxide),24432498.0,182331446.0,0.13400046199381319,Rare Earths
2019-12-01,Rare Earths (Magnet),175695336.0,201894002.0,0.8702355407269603,Rare Earths
2019-12-01,Rare Earths (Metal),5123727.0,201894002.0,0.02537830222415424,Rare Earths
2019-12-01,Rare Earths (Oxide),21074939.0,201894002.0,0.10438615704888549,Rare Earths
2020-01-01,Rare Earths (Magnet),173256594.0,197745773.0,0.8761582681213621,Rare Earths
2020-01-01,Rare Earths (Metal),5433578.0,197745773.0,0.027477593667703835,Rare Earths
2020-01-01,Rare Earths (Oxide),19055601.0,197745773.0,0.09636413821093409,Rare Earths
2020-02-01,Rare Earths (Magnet),58873264.0,73897985.0,0.7966829406782878,Rare Earths
2020-02-01,Rare Earths (Metal),2815134.0,73897985.0,0.03809486821596015,Rare Earths
2020-02-01,Rare Earths (Oxide),12209587.0,73897985.0,0.16522219110575206,Rare Earths
2020-03-01,Rare Earths (Magnet),151011302.0,202213077.0,0.7467929584000148,Rare Earths
2020-03-01,Rare Earths (Metal),12636090.0,202213077.0,0.062488985319183885,Rare Earths
2020-03-01,Rare Earths (Oxide),38565685.0,202213077.0,0.19071805628080127,Rare Earths
2020-04-01,Rare Earths (Magnet),162278675.0,193486721.0,0.8387070397456371,Rare Earths
2020-04-01,Rare Earths (Metal),8840268.0,193486721.0,0.04568927497613648,Rare Earths
2020-04-01,Rare Earths (Oxide),22367778.0,193486721.0,0.11560368527822641,Rare Earths
2020-05-01,Rare Earths (Magnet),143972179.0,169149781.0,0.8511520272083593,Rare Earths
2020-05-01,Rare Earths (Metal),6418081.0,169149781.0,0.03794318243900061,Rare Earths
2020-05-01,Rare Earths (Oxide),18759521.0,169149781.0,0.11090479035264018,Rare Earths
2020-06-01,Rare Earths (Magnet),139115103.0,167514273.0,0.8304671626399263,Rare Earths
2020-06-01,Rare Earths (Metal),6683807.0,167514273.0,0.03989992542307126,Rare Earths
2020-06-01,Rare Earths (Oxide),21715363.0,167514273.0,0.12963291193700252,Rare Earths
2020-07-01,Rare Earths (Magnet),152483345.0,177020239.0,0.861389329612192,Rare Earths
2020-07-01,Rare Earths (Metal),5811913.0,177020239.0,0.03283191251368721,Rare Earths
2020-07-01,Rare Earths (Oxide),18724981.0,177020239.0,0.10577875787412082,Rare Earths
2020-08-01,Rare Earths (Magnet),153973034.0,176912485.0,0.870334470741282,Rare Earths
2020-08-01,Rare Earths (Metal),3060341.0,176912485.0,0.017298615188181887,Rare Earths
2020-08-01,Rare Earths (Oxide),19879110.0,176912485.0,0.11236691407053606,Rare Earths
2020-09-01,Rare Earths (Magnet),164003577.0,182058412.0,0.9008294381915184,Rare Earths
2020-09-01,Rare Earths (Metal),5250359.0,182058412.0,0.028838870680691207,Rare Earths
2020-09-01,Rare Earths (Oxide),12804476.0,182058412.0,0.07033169112779035,Rare Earths
2020-10-01,Rare Earths (Magnet),164452352.0,185701507.0,0.8855735995723503,Rare Earths
2020-10-01,Rare Earths (Metal),5493519.0,185701507.0,0.0295825224509352,Rare Earths
2020-10-01,Rare Earths (Oxide),15755636.0,185701507.0,0.08484387797671454,Rare Earths
2020-11-01,Rare Earths (Magnet),173771871.0,201023931.0,0.8644337524172682,Rare Earths
2020-11-01,Rare Earths (Metal),7366558.0,201023931.0,0.036645179324445706,Rare Earths
2020-11-01,Rare Earths (Oxide),19885502.0,201023931.0,0.09892106825828613,Rare Earths
2020-12-01,Rare Earths (Magnet),203434265.0,240281480.0,0.8466497917359257,Rare Earths
2020-12-01,Rare Earths (Metal),10637472.0,240281480.0,0.04427087763900905,Rare Earths
2020-12-01,Rare Earths (Oxide),26209743.0,240281480.0,0.10907933062506524,Rare Earths
2021-01-01,Rare Earths (Magnet),225104914.0,261746785.0,0.860010234700686,Rare Earths
2021-01-01,Rare Earths (Metal),8700770.0,261746785.0,0.033241172379634004,Rare Earths
2021-01-01,Rare Earths (Oxide),27941101.0,261746785.0,0.10674859291967999,Rare Earths
2021-02-01,Rare Earths (Magnet),164372030.0,202529913.0,0.811593840955237,Rare Earths
2021-02-01,Rare Earths (Metal),10530275.0,202529913.0,0.051993677595664596,Rare Earths
2021-02-01,Rare Earths (Oxide),27627608.0,202529913.0,0.13641248144909834,Rare Earths
2021-03-01,Rare Earths (Magnet),190385616.0,245741114.0,0.7747405914339592,Rare Earths
2021-03-01,Rare Earths (Metal),12580227.0,245741114.0,0.05119300875310592,Rare Earths
2021-03-01,Rare Earths (Oxide),42775271.0,245741114.0,0.17406639981293484,Rare Earths
2021-04-01,Rare Earths (Magnet),236279122.0,288492133.0,0.8190140907585858,Rare Earths
2021-04-01,Rare Earths (Metal),14666089.0,288492133.0,0.050837050034913775,Rare Earths
2021-04-01,Rare Earths (Oxide),37546922.0,288492133.0,0.13014885920650043,Rare Earths
2021-05-01,Rare Earths (Magnet),254508806.0,306347990.0,0.8307833389081483,Rare Earths
2021-05-01,Rare Earths (Metal),10063719.0,306347990.0,0.0328506121420937,Rare Earths
2021-05-01,Rare Earths (Oxide),41775465.0,306347990.0,0.1363660489497581,Rare Earths
2021-06-01,Rare Earths (Magnet),252922176.0,304781609.0,0.8298472366159075,Rare Earths
2021-06-01,Rare Earths (Metal),12051364.0,304781609.0,0.039540981621368106,Rare Earths
2021-06-01,Rare Earths (Oxide),39808069.0,304781609.0,0.1306117817627244,Rare Earths
2021-07-01,Rare Earths (Magnet),265420384.0,328762540.0,0.8073315895418012,Rare Earths
2021-07-01,Rare Earths (Metal),21118986.0,328762540.0,0.06423781127862073,Rare Earths
2021-07-01,Rare Earths (Oxide),42223170.0,328762540.0,0.12843059917957805,Rare Earths
2021-08-01,Rare Earths (Magnet),280314493.0,330954296.0,0.8469885310085233,Rare Earths
2021-08-01,Rare Earths (Metal),10697728.0,330954296.0,0.03232388317449126,Rare Earths
2021-08-01,Rare Earths (Oxide),39942075.0,330954296.0,0.12068758581698544,Rare Earths
2021-09-01,Rare Earths (Magnet),295241300.0,344482774.0,0.857056788563831,Rare Earths
2021-09-01,Rare Earths (Metal),14619752.0,344482774.0,0.04243971862581437,Rare Earths
2021-09-01,Rare Earths (Oxide),34621722.0,344482774.0,0.10050349281035457,Rare Earths
2021-10-01,Rare Earths (Magnet),273619417.0,336808377.0,0.8123889893629338,Rare Earths
2021-10-01,Rare Earths (Metal),12696171.0,336808377.0,0.037695532139332744,Rare Earths
2021-10-01,Rare Earths (Oxide),50492789.0,336808377.0,0.14991547849773346,Rare Earths
2021-11-01,Rare Earths (Magnet),280625982.0,338879240.0,0.828100245975528,Rare Earths
2021-11-01,Rare Earths (Metal),13120304.0,338879240.0,0.03871675349602413,Rare Earths
2021-11-01,Rare Earths (Oxide),45132954.0,338879240.0,0.13318300052844784,Rare Earths
2021-12-01,Rare Earths (Magnet),304589644.0,361946683.0,0.8415318009697025,Rare Earths
2021-12-01,Rare Earths (Metal),13709770.0,361946683.0,0.03787787164221643,Rare Earths
2021-12-01,Rare Earths (Oxide),43647269.0,361946683.0,0.12059032738808108,Rare Earths
2022-01-01,Rare Earths (Magnet),359727938.0,413881604.0,0.8691566248013285,Rare Earths
2022-01-01,Rare Earths (Metal),10859889.0,413881604.0,0.026239119823262307,Rare Earths
2022-01-01,Rare Earths (Oxide),43293777.0,413881604.0,0.10460425537540924,Rare Earths
2022-02-01,Rare Earths (Magnet),247852402.0,316629005.0,0.7827848936328495,Rare Earths
2022-02-01,Rare Earths (Metal),26229263.0,316629005.0,0.08283910376435664,Rare Earths
2022-02-01,Rare Earths (Oxide),42547340.0,316629005.0,0.13437600260279375,Rare Earths
2022-03-01,Rare Earths (Magnet),330577915.0,444115462.0,0.744351285387132,Rare Earths
2022-03-01,Rare Earths (Metal),39550035.0,444115462.0,0.08905349708360301,Rare Earths
2022-03-01,Rare Earths (Oxide),73987512.0,444115462.0,0.16659521752926496,Rare Earths
2022-04-01,Rare Earths (Magnet),387712309.0,493682885.0,0.7853468709979686,Rare Earths
2022-04-01,Rare Earths (Metal),50169822.0,493682885.0,0.10162357967908893,Rare Earths
2022-04-01,Rare Earths (Oxide),55800754.0,493682885.0,0.1130295493229424,Rare Earths
2022-05-01,Rare Earths (Magnet),427435483.0,543106712.0,0.7870193344250181,Rare Earths
2022-05-01,Rare Earths (Metal),56803547.0,543106712.0,0.10459002944526305,Rare Earths
2022-05-01,Rare Earths (Oxide),58867682.0,543106712.0,0.10839063612971883,Rare Earths
2022-06-01,Rare Earths (Magnet),410329780.0,486137459.0,0.8440612267239419,Rare Earths
2022-06-01,Rare Earths (Metal),32124192.0,486137459.0,0.06608047046216202,Rare Earths
2022-06-01,Rare Earths (Oxide),43683487.0,486137459.0,0.0898583028138961,Rare Earths
2022-07-01,Rare Earths (Magnet),439372417.0,530274926.0,0.8285747552016065,Rare Earths
2022-07-01,Rare Earths (Metal),32824412.0,530274926.0,0.06190074316280231,Rare Earths
2022-07-01,Rare Earths (Oxide),58078097.0,530274926.0,0.1095245016355912,Rare Earths
2022-08-01,Rare Earths (Magnet),396235536.0,489075049.0,0.8101732787435656,Rare Earths
2022-08-01,Rare Earths (Metal),29442174.0,489075049.0,0.06019970566930312,Rare Earths
2022-08-01,Rare Earths (Oxide),63397339.0,489075049.0,0.1296270155871313,Rare Earths
2022-09-01,Rare Earths (Magnet),356043596.0,436971678.0,0.814797878044627,Rare Earths
2022-09-01,Rare Earths (Metal),27637872.0,436971678.0,0.06324865750223747,Rare Earths
2022-09-01,Rare Earths (Oxide),53290210.0,436971678.0,0.12195346445313557,Rare Earths
2022-10-01,Rare Earths (Magnet),308304389.0,401044613.0,0.7687533481468307,Rare Earths
2022-10-01,Rare Earths (Metal),36021928.0,401044613.0,0.08982025149406507,Rare Earths
2022-10-01,Rare Earths (Oxide),56718296.0,401044613.0,0.1414264003591042,Rare Earths
2022-11-01,Rare Earths (Magnet),322815297.0,408791128.0,0.7896827374394485,Rare Earths
2022-11-01,Rare Earths (Metal),28383914.0,408791128.0,0.06943378184078398,Rare Earths
2022-11-01,Rare Earths (Oxide),57591917.0,408791128.0,0.14088348071976747,Rare Earths
2022-12-01,Rare Earths (Magnet),313894413.0,373456370.0,0.8405116051441297,Rare Earths
2022-12-01,Rare Earths (Metal),22289348.0,373456370.0,0.05968394112543856,Rare Earths
2022-12-01,Rare Earths (Oxide),37272609.0,373456370.0,0.09980445373043174,Rare Earths
2023-01-01,Rare Earths (Magnet),332888145.0,410692248.0,0.8105537580051912,Rare Earths
2023-01-01,Rare Earths (Metal),30134257.0,410692248.0,0.0733743019176734,Rare Earths
2023-01-01,Rare Earths (Oxide),47669846.0,410692248.0,0.11607194007713532,Rare Earths
2023-02-01,Rare Earths (Magnet),258225057.0,324125435.0,0.7966824849768424,Rare Earths
2023-02-01,Rare Earths (Metal),18385108.0,324125435.0,0.056722200773907175,Rare Earths
2023-02-01,Rare Earths (Oxide),47515270.0,324125435.0,0.14659531424925046,Rare Earths
2023-03-01,Rare Earths (Magnet),357173951.0,444096324.0,0.8042713521762904,Rare Earths
2023-03-01,Rare Earths (Metal),21653093.0,444096324.0,0.04875764970304055,Rare Earths
2023-03-01,Rare Earths (Oxide),65269280.0,444096324.0,0.14697099812066897,Rare Earths
2023-04-01,Rare Earths (Magnet),347478033.0,428293706.0,0.8113078201527435,Rare Earths
2023-04-01,Rare Earths (Metal),29459706.0,428293706.0,0.06878388728878496,Rare Earths
2023-04-01,Rare Earths (Oxide),51355967.0,428293706.0,0.11990829255847155,Rare Earths
2023-05-01,Rare Earths (Magnet),307756712.0,387368015.0,0.7944814751935572,Rare Earths
2023-05-01,Rare Earths (Metal),27965917.0,387368015.0,0.07219469836713287,Rare Earths
2023-05-01,Rare Earths (Oxide),51645386.0,387368015.0,0.13332382643930993,Rare Earths
2023-06-01,Rare Earths (Magnet),316497098.0,367459475.0,0.8613115718406771,Rare Earths
2023-06-01,Rare Earths (Metal),15149211.0,367459475.0,0.0412268890331376,Rare Earths
2023-06-01,Rare Earths (Oxide),35813166.0,367459475.0,0.09746153912618527,Rare Earths
2023-07-01,Rare Earths (Magnet),307266807.0,360521865.0,0.8522834169849864,Rare Earths
2023-07-01,Rare Earths (Metal),17314662.0,360521865.0,0.048026662682442295,Rare Earths
2023-07-01,Rare Earths (Oxide),35940396.0,360521865.0,0.09968992033257124,Rare Earths
2023-08-01,Rare Earths (Magnet),272835918.0,335562996.0,0.8130691442509352,Rare Earths
2023-08-01,Rare Earths (Metal),12348978.0,335562996.0,0.03680077406389589,Rare Earths
2023-08-01,Rare Earths (Oxide),50378100.0,335562996.0,0.1501300816851689,Rare Earths
2023-09-01,Rare Earths (Magnet),278813002.0,330198266.0,0.8443805758810374,Rare Earths
2023-09-01,Rare Earths (Metal),19051215.0,330198266.0,0.05769629026458909,Rare Earths
2023-09-01,Rare Earths (Oxide),32334049.0,330198266.0,0.09792313385437341,Rare Earths
2023-10-01,Rare Earths (Magnet),236854695.0,272896712.0,0.8679279910122186,Rare Earths
2023-10-01,Rare Earths (Metal),10707113.0,272896712.0,0.03923503849324502,Rare Earths
2023-10-01,Rare Earths (Oxide),25334904.0,272896712.0,0.0928369704945364,Rare Earths
2023-11-01,Rare Earths (Magnet),238052288.0,292647274.0,0.8134444061146457,Rare Earths
2023-11-01,Rare Earths (Metal),16416542.0,292647274.0,0.05609668518559308,Rare Earths
2023-11-01,Rare Earths (Oxide),38178444.0,292647274.0,0.1304589086997612,Rare Earths
2023-12-01,Rare Earths (Magnet),247891122.0,292856553.0,0.8464591946487877,Rare Earths
2023-12-01,Rare Earths (Metal),15579326.0,292856553.0,0.05319780568475106,Rare Earths
2023-12-01,Rare Earths (Oxide),29386105.0,292856553.0,0.10034299966646128,Rare Earths
2024-01-01,Rare Earths (Magnet),296693575.0,339831238.0,0.8730615135504406,Rare Earths
2024-01-01,Rare Earths (Metal),15128763.0,339831238.0,0.044518458894588143,Rare Earths
2024-01-01,Rare Earths (Oxide),28008900.0,339831238.0,0.08242002755497127,Rare Earths
2024-02-01,Rare Earths (Magnet),194477735.0,230016758.0,0.8454937661542035,Rare Earths
2024-02-01,Rare Earths (Metal),8217277.0,230016758.0,0.03572468837248806,Rare Earths
2024-02-01,Rare Earths (Oxide),27321746.0,230016758.0,0.11878154547330852,Rare Earths
2024-03-01,Rare Earths (Magnet),250861942.0,310481740.0,0.8079764755247765,Rare Earths
2024-03-01,Rare Earths (Metal),10235655.0,310481740.0,0.03296701120007895,Rare Earths
2024-03-01,Rare Earths (Oxide),49384143.0,310481740.0,0.1590565132751446,Rare Earths
2024-04-01,Rare Earths (Magnet),266817714.0,298818961.0,0.8929075755671341,Rare Earths
2024-04-01,Rare Earths (Metal),6749984.0,298818961.0,0.022588874472393338,Rare Earths
2024-04-01,Rare Earths (Oxide),25251263.0,298818961.0,0.08450354996047256,Rare Earths
2024-05-01,Rare Earths (Magnet),265120479.0,299178586.0,0.8861612809414107,Rare Earths
2024-05-01,Rare Earths (Metal),10498824.0,299178586.0,0.03509216398261873,Rare Earths
2024-05-01,Rare Earths (Oxide),23559283.0,299178586.0,0.07874655507597057,Rare Earths
2024-06-01,Rare Earths (Magnet),269671273.0,312071097.0,0.8641340886496771,Rare Earths
2024-06-01,Rare Earths (Metal),5635908.0,312071097.0,0.018059692339915733,Rare Earths
2024-06-01,Rare Earths (Oxide),36763916.0,312071097.0,0.11780621901040711,Rare Earths
2024-07-01,Rare Earths (Magnet),272621634.0,315427799.0,0.8642917170404502,Rare Earths
2024-07-01,Rare Earths (Metal),11902457.0,315427799.0,0.03773433108221384,Rare Earths
2024-07-01,Rare Earths (Oxide),30903708.0,315427799.0,0.09797395187733596,Rare Earths
2024-08-01,Rare Earths (Magnet),263496508.0,302335737.0,0.8715360963100436,Rare Earths
2024-08-01,Rare Earths (Metal),6229512.0,302335737.0,0.020604616780714877,Rare Earths
2024-08-01,Rare Earths (Oxide),32609717.0,302335737.0,0.10785928690924157,Rare Earths
2024-09-01,Rare Earths (Magnet),244162761.0,272720723.0,0.8952849578651197,Rare Earths
2024-09-01,Rare Earths (Metal),3321206.0,272720723.0,0.012178047797269883,Rare Earths
2024-09-01,Rare Earths (Oxide),25236756.0,272720723.0,0.09253699433761035,Rare Earths
2024-10-01,Rare Earths (Magnet),236042924.0,274018273.0,0.8614130780978975,Rare Earths
2024-10-01,Rare Earths (Metal),9309230.0,274018273.0,0.03397302631711718,Rare Earths
2024-10-01,Rare Earths (Oxide),28666119.0,274018273.0,0.10461389558498531,Rare Earths
2024-11-01,Rare Earths (Magnet),236745896.0,271556675.0,0.8718102620751267,Rare Earths
2024-11-01,Rare Earths (Metal),4260027.0,271556675.0,0.01568743246690585,Rare Earths
2024-11-01,Rare Earths (Oxide),30550752.0,271556675.0,0.11250230545796748,Rare Earths
2024-12-01,Rare Earths (Magnet),255560362.0,295307229.0,0.8654050321267279,Rare Earths
2024-12-01,Rare Earths (Metal),4120073.0,295307229.0,0.013951818971556569,Rare Earths
2024-12-01,Rare Earths (Oxide),35626794.0,295307229.0,0.12064314890171551,Rare Earths
2017-01-01,Polysilicon,7525957.0,7525957.0,1.0,Polysilicon
2017-02-01,Polysilicon,12320357.0,12320357.0,1.0,Polysilicon
2017-03-01,Polysilicon,11962181.0,11962181.0,1.0,Polysilicon
2017-04-01,Polysilicon,4843749.0,4843749.0,1.0,Polysilicon
2017-05-01,Polysilicon,4726645.0,4726645.0,1.0,Polysilicon
2017-06-01,Polysilicon,9141769.0,9141769.0,1.0,Polysilicon
2017-07-01,Polysilicon,10401588.0,10401588.0,1.0,Polysilicon
2017-08-01,Polysilicon,20500504.0,20500504.0,1.0,Polysilicon
2017-09-01,Polysilicon,15171782.0,15171782.0,1.0,Polysilicon
2017-10-01,Polysilicon,15450621.0,15450621.0,1.0,Polysilicon
2017-11-01,Polysilicon,24682786.0,24682786.0,1.0,Polysilicon
2017-12-01,Polysilicon,6506567.0,6506567.0,1.0,Polysilicon
2018-01-01,Polysilicon,9583295.0,9583295.0,1.0,Polysilicon
2018-02-01,Polysilicon,11475442.0,11475442.0,1.0,Polysilicon
2018-03-01,Polysilicon,8004762.0,8004762.0,1.0,Polysilicon
2018-04-01,Polysilicon,7342599.0,7342599.0,1.0,Polysilicon
2018-05-01,Polysilicon,6741230.0,6741230.0,1.0,Polysilicon
2018-06-01,Polysilicon,8754800.0,8754800.0,1.0,Polysilicon
2018-07-01,Polysilicon,7157409.0,7157409.0,1.0,Polysilicon
2018-08-01,Polysilicon,7170747.0,7170747.0,1.0,Polysilicon
2018-09-01,Polysilicon,9548566.0,9548566.0,1.0,Polysilicon
2018-10-01,Polysilicon,7477373.0,7477373.0,1.0,Polysilicon
2018-11-01,Polysilicon,9000199.0,9000199.0,1.0,Polysilicon
2018-12-01,Polysilicon,8809521.0,8809521.0,1.0,Polysilicon
2019-01-01,Polysilicon,8586987.0,8586987.0,1.0,Polysilicon
2019-02-01,Polysilicon,7420265.0,7420265.0,1.0,Polysilicon
2019-03-01,Polysilicon,7374983.0,7374983.0,1.0,Polysilicon
2019-04-01,Polysilicon,5595124.0,5595124.0,1.0,Polysilicon
2019-05-01,Polysilicon,4900459.0,4900459.0,1.0,Polysilicon
2019-06-01,Polysilicon,5018261.0,5018261.0,1.0,Polysilicon
2019-07-01,Polysilicon,5669656.0,5669656.0,1.0,Polysilicon
2019-08-01,Polysilicon,4290142.0,4290142.0,1.0,Polysilicon
2019-09-01,Polysilicon,6671314.0,6671314.0,1.0,Polysilicon
2019-10-01,Polysilicon,4676527.0,4676527.0,1.0,Polysilicon
2019-11-01,Polysilicon,5271738.0,5271738.0,1.0,Polysilicon
2019-12-01,Polysilicon,8519080.0,8519080.0,1.0,Polysilicon
2020-01-01,Polysilicon,5222480.0,5222480.0,1.0,Polysilicon
2020-02-01,Polysilicon,3946400.0,3946400.0,1.0,Polysilicon
2020-03-01,Polysilicon,6747104.0,6747104.0,1.0,Polysilicon
2020-04-01,Polysilicon,5564486.0,5564486.0,1.0,Polysilicon
2020-05-01,Polysilicon,4699631.0,4699631.0,1.0,Polysilicon
2020-06-01,Polysilicon,6242307.0,6242307.0,1.0,Polysilicon
2020-07-01,Polysilicon,8243962.0,8243962.0,1.0,Polysilicon
2020-08-01,Polysilicon,5416801.0,5416801.0,1.0,Polysilicon
2020-09-01,Polysilicon,5893870.0,5893870.0,1.0,Polysilicon
2020-10-01,Polysilicon,6569190.0,6569190.0,1.0,Polysilicon
2020-11-01,Polysilicon,8478819.0,8478819.0,1.0,Polysilicon
2020-12-01,Polysilicon,6486484.0,6486484.0,1.0,Polysilicon
2021-01-01,Polysilicon,6642697.0,6642697.0,1.0,Polysilicon
2021-02-01,Polysilicon,9607842.0,9607842.0,1.0,Polysilicon
2021-03-01,Polysilicon,9602191.0,9602191.0,1.0,Polysilicon
2021-04-01,Polysilicon,8102027.0,8102027.0,1.0,Polysilicon
2021-05-01,Polysilicon,8769394.0,8769394.0,1.0,Polysilicon
2021-06-01,Polysilicon,10609778.0,10609778.0,1.0,Polysilicon
2021-07-01,Polysilicon,10929831.0,10929831.0,1.0,Polysilicon
2021-08-01,Polysilicon,10772676.0,10772676.0,1.0,Polysilicon
2021-09-01,Polysilicon,11045251.0,11045251.0,1.0,Polysilicon
2021-10-01,Polysilicon,15116349.0,15116349.0,1.0,Polysilicon
2021-11-01,Polysilicon,14071608.0,14071608.0,1.0,Polysilicon
2021-12-01,Polysilicon,15265931.0,15265931.0,1.0,Polysilicon
2022-01-01,Polysilicon,14740333.0,14740333.0,1.0,Polysilicon
2022-02-01,Polysilicon,12126445.0,12126445.0,1.0,Polysilicon
2022-03-01,Polysilicon,15110802.0,15110802.0,1.0,Polysilicon
2022-04-01,Polysilicon,14055400.0,14055400.0,1.0,Polysilicon
2022-05-01,Polysilicon,16187601.0,16187601.0,1.0,Polysilicon
2022-06-01,Polysilicon,12966541.0,12966541.0,1.0,Polysilicon
2022-07-01,Polysilicon,16734925.0,16734925.0,1.0,Polysilicon
2022-08-01,Polysilicon,13486397.0,13486397.0,1.0,Polysilicon
2022-09-01,Polysilicon,16492438.0,16492438.0,1.0,Polysilicon
2022-10-01,Polysilicon,31033017.0,31033017.0,1.0,Polysilicon
2022-11-01,Polysilicon,8306988.0,8306988.0,1.0,Polysilicon
2022-12-01,Polysilicon,13475610.0,13475610.0,1.0,Polysilicon
2023-01-01,Polysilicon,7510019.0,7510019.0,1.0,Polysilicon
2023-02-01,Polysilicon,13426571.0,13426571.0,1.0,Polysilicon
2023-03-01,Polysilicon,43148725.0,43148725.0,1.0,Polysilicon
2023-04-01,Polysilicon,15761298.0,15761298.0,1.0,Polysilicon
2023-05-01,Polysilicon,21594403.0,21594403.0,1.0,Polysilicon
2023-06-01,Polysilicon,57277433.0,57277433.0,1.0,Polysilicon
2023-07-01,Polysilicon,23466053.0,23466053.0,1.0,Polysilicon
2023-08-01,Polysilicon,7320385.0,7320385.0,1.0,Polysilicon
2023-09-01,Polysilicon,9277915.0,9277915.0,1.0,Polysilicon
2023-10-01,Polysilicon,10643662.0,10643662.0,1.0,Polysilicon
2023-11-01,Polysilicon,21263349.0,21263349.0,1.0,Polysilicon
2023-12-01,Polysilicon,22345339.0,22345339.0,1.0,Polysilicon
2024-01-01,Polysilicon,18570096.0,18570096.0,1.0,Polysilicon
2024-02-01,Polysilicon,27499396.0,27499396.0,1.0,Polysilicon
2024-03-01,Polysilicon,29775081.0,29775081.0,1.0,Polysilicon
2024-04-01,Polysilicon,52107519.0,52107519.0,1.0,Polysilicon
2024-05-01,Polysilicon,60054687.0,60054687.0,1.0,Polysilicon
2024-06-01,Polysilicon,65254052.0,65254052.0,1.0,Polysilicon
2024-07-01,Polysilicon,80764875.0,80764875.0,1.0,Polysilicon
2024-08-01,Polysilicon,60615524.0,60615524.0,1.0,Polysilicon
2024-09-01,Polysilicon,53001702.0,53001702.0,1.0,Polysilicon
2024-10-01,Polysilicon,36231699.0,36231699.0,1.0,Polysilicon
2024-11-01,Polysilicon,41230298.0,41230298.0,1.0,Polysilicon
2024-12-01,Polysilicon,59518183.0,59518183.0,1.0,Polysilicon
