broad_group,period_dt,bloc,weighted_price,q25,q75
Graphite,2017-01-01,Adversary,2.489688941003704,2.2217268355269333,2.7001791965555015
Graphite,2017-01-01,Intermediary,2.0669540214130184,1.8092892996095973,2.029843280418432
Graphite,2017-02-01,Adversary,2.222559146359788,1.9150831566784683,2.4312384381328354
Graphite,2017-02-01,Intermediary,2.0006828100126155,1.4641901061368743,2.086495419172881
Graphite,2017-03-01,Adversary,2.1004004027485994,1.8125310989270758,2.4357054719046234
Graphite,2017-03-01,Intermediary,1.7549692640958852,1.5352676046793696,1.6538986630574226
Graphite,2017-04-01,Adversary,2.220491521756106,1.8729413202127603,2.4441510114528375
Graphite,2017-04-01,Intermediary,1.7815250201441188,1.4629581102649818,1.8442500232384444
Graphite,2017-05-01,Adversary,2.195461782955522,2.106701028926283,2.2397896289429373
Graphite,2017-05-01,Intermediary,1.7701258654010363,1.5146905734873601,1.7273929423117522
Graphite,2017-06-01,Adversary,2.2008827078476054,2.0050510382896842,2.4234484144693567
Graphite,2017-06-01,Intermediary,1.8914265076451877,1.4808328569395104,1.8736221462983997
Graphite,2017-07-01,Adversary,2.141177120458517,1.794210559198515,2.5217632182836454
Graphite,2017-07-01,Intermediary,1.9939247905380117,1.485637754234714,2.1501914031161404
Graphite,2017-08-01,Adversary,2.3492089210814333,1.8955253343950498,2.7366234233832074
Graphite,2017-08-01,Intermediary,1.8428291055026171,1.450404831195539,1.6961729644378671
Graphite,2017-09-01,Adversary,2.178301405297696,1.8993965151904602,2.3339731662740784
Graphite,2017-09-01,Intermediary,1.9808773495050311,1.6437590105764208,2.0817743910149926
Graphite,2017-10-01,Adversary,2.4343299040945854,2.174003948743456,2.485996199984301
Graphite,2017-10-01,Intermediary,2.081325101118855,1.6676581021225771,2.3878245981874957
Graphite,2017-11-01,Adversary,2.117533866339647,2.017578144887038,2.2151953138599865
Graphite,2017-11-01,Intermediary,2.138159527631554,1.5854835303384285,2.424889537789484
Graphite,2017-12-01,Adversary,2.3883375349377105,2.168185661891322,2.6125883264514944
Graphite,2017-12-01,Intermediary,2.150157324057412,1.7209966928034082,2.477477297685764
Graphite,2018-01-01,Adversary,1.1590884231893748,0.8375474487285909,1.5033749977590003
Graphite,2018-01-01,Intermediary,0.9868095623328462,0.6954305178414716,1.2201178497562668
Graphite,2018-02-01,Adversary,1.4112844273179468,1.1804659322165416,1.7087830112710565
Graphite,2018-02-01,Intermediary,1.0997482005762267,0.8367042374843936,1.2328809953203697
Graphite,2018-03-01,Adversary,1.431655661016346,0.9541014626660673,1.6219699540842876
Graphite,2018-03-01,Intermediary,1.255685822654726,0.834381239168328,1.2327214287916117
Graphite,2018-04-01,Adversary,1.4099313831310898,0.991909073134116,1.860092022710229
Graphite,2018-04-01,Intermediary,1.2954735779632007,0.7999143403178971,1.474582724788943
Graphite,2018-05-01,Adversary,1.4438998860059362,1.0489650780128226,1.9891079434393928
Graphite,2018-05-01,Intermediary,1.2484650192051856,0.873670959697785,1.4088199675814006
Graphite,2018-06-01,Adversary,1.3891383701461613,0.6999194734894123,1.7825417771646728
Graphite,2018-06-01,Intermediary,1.2079454108227872,0.9423656347694085,1.3988160268911294
Graphite,2018-07-01,Adversary,1.4438246949039921,1.0490237124660566,1.9039965671168517
Graphite,2018-07-01,Intermediary,1.0951721105756218,0.8632078966163987,1.300403231055934
Graphite,2018-08-01,Adversary,1.6161850482925906,0.9204851147763468,2.056715891617498
Graphite,2018-08-01,Intermediary,1.1544266896985926,0.9468419875761374,1.3045019526107777
Graphite,2018-09-01,Adversary,1.831314336136884,1.0572619915971246,1.9656211865788356
Graphite,2018-09-01,Intermediary,1.249693642070865,0.7902315131080755,1.4507804471335972
Graphite,2018-10-01,Adversary,1.5877452215772487,0.9771785134127615,2.2748113158359122
Graphite,2018-10-01,Intermediary,0.9508983487980157,0.690705216998264,1.2093547012335064
Graphite,2018-11-01,Adversary,1.9323359564832117,1.3372014518050364,2.45963705041325
Graphite,2018-11-01,Intermediary,1.0432885627811301,0.7582441018803575,1.424464348167467
Graphite,2018-12-01,Adversary,1.4772976999176242,0.9145048397780209,1.8635477954121467
Graphite,2018-12-01,Intermediary,1.203105749522466,0.8105384065274857,1.064485775955022
Graphite,2019-01-01,Adversary,1.586721661710286,1.011265413444862,2.064760262663783
Graphite,2019-01-01,Intermediary,1.0818163134660594,0.8096523855538961,0.9172336683930153
Graphite,2019-02-01,Adversary,1.697042944201192,0.9156431362131189,2.106116864920392
Graphite,2019-02-01,Intermediary,1.392009707282549,0.7824437211721254,0.8461467527206681
Graphite,2019-03-01,Adversary,1.9081404869853096,1.6420681055645756,2.6986011490681725
Graphite,2019-03-01,Intermediary,1.6913781695630732,0.7883892574180487,1.070759601491393
Graphite,2019-04-01,Adversary,1.484351112683202,1.0864680815454835,1.8133716834384583
Graphite,2019-04-01,Intermediary,1.3426915331355167,0.61326450174125,1.3171137180959098
Graphite,2019-05-01,Adversary,1.827641316750253,1.2551024623579634,2.5286871201827457
Graphite,2019-05-01,Intermediary,1.6750078581739964,0.6362791252893453,1.4163493785673338
Graphite,2019-06-01,Adversary,1.6422758274355087,0.9428430631748274,2.397054815213806
Graphite,2019-06-01,Intermediary,1.8066189933927024,0.8081345836001761,1.3635262029583843
Graphite,2019-07-01,Adversary,1.6145368055020133,1.0200745554811368,2.2906201199149447
Graphite,2019-07-01,Intermediary,1.405758205806622,0.7015051752778966,0.9487586631820099
Graphite,2019-08-01,Adversary,1.527245875258595,0.7215799654488566,2.1744030279534843
Graphite,2019-08-01,Intermediary,2.7583481401928784,0.7433147653834015,2.4418718986308345
Graphite,2019-09-01,Adversary,1.7419241560105598,1.187179959468777,2.3117229445687895
Graphite,2019-09-01,Intermediary,1.3940196369471245,0.6056778367234208,0.8713377307726884
Graphite,2019-10-01,Adversary,1.6536524279079343,1.2426915731623758,2.5116140634793216
Graphite,2019-10-01,Intermediary,1.7604817396739127,0.5749628043977149,1.4139560691516264
Graphite,2019-11-01,Adversary,1.4581770862232812,0.8735335100349304,1.6271644306362434
Graphite,2019-11-01,Intermediary,2.4438008698025526,0.7675884857358433,1.69043443499724
Graphite,2019-12-01,Adversary,1.3435189176456577,0.6755312722572971,1.6006584445462984
Graphite,2019-12-01,Intermediary,1.608692334449114,0.8143401051183154,1.1502187395684687
Graphite,2020-01-01,Adversary,1.2693926730354481,0.7194832866212071,1.6966636231537133
Graphite,2020-01-01,Intermediary,1.0409160573109453,0.6691206423169282,0.7975580216271867
Graphite,2020-02-01,Adversary,1.3469933663478488,0.9191709792912955,1.670668659103299
Graphite,2020-02-01,Intermediary,2.429874262341797,0.8348851786271339,0.9830708991779333
Graphite,2020-03-01,Adversary,1.5350785967443055,1.0430142973740553,1.9399923737205609
Graphite,2020-03-01,Intermediary,1.1836405391316964,0.6758891513082285,1.1311818388080221
Graphite,2020-04-01,Adversary,1.4716133538058103,0.6928717385810508,2.1263189963864333
Graphite,2020-04-01,Intermediary,1.7197886005578031,0.5782034096157663,1.4411093788239906
Graphite,2020-05-01,Adversary,1.6868257526858306,1.013111266994395,2.2448049436295525
Graphite,2020-05-01,Intermediary,2.487133298198713,0.7073522688832115,4.410604210902256
Graphite,2020-06-01,Adversary,1.9684461120434478,0.725076451005197,2.9836707522750667
Graphite,2020-06-01,Intermediary,2.4033160700073597,0.7566021644450724,2.9647883594845483
Graphite,2020-07-01,Adversary,2.024821529177304,1.1871526566325858,2.8495266532085126
Graphite,2020-07-01,Intermediary,2.8703493768430604,0.7576985130959981,7.092692310764743
Graphite,2020-08-01,Adversary,1.7692545381559226,0.8943922327403058,2.4403546867303234
Graphite,2020-08-01,Intermediary,2.6213146394885145,0.5329972149312483,7.630244691231325
Graphite,2020-09-01,Adversary,1.4544077727900913,0.7021057699341919,2.190259415401021
Graphite,2020-09-01,Intermediary,2.5241326684772454,0.4707938346613325,5.081159562589149
Graphite,2020-10-01,Adversary,1.5268133359383864,0.8262430706373042,2.449336253383232
Graphite,2020-10-01,Intermediary,2.1704249295590374,0.4841538352470399,1.2725302799999794
Graphite,2020-11-01,Adversary,1.6471637581570564,0.8587292029094872,2.4379819312849995
Graphite,2020-11-01,Intermediary,2.0395476842166964,0.451965659336828,1.3023836838131517
Graphite,2020-12-01,Adversary,1.856303303502417,0.9575743204297076,2.5432025369634914
Graphite,2020-12-01,Intermediary,3.2216229020036957,0.6710900960217984,8.525677877743563
Graphite,2021-01-01,Adversary,1.1446707424035054,0.5588087563168713,1.338517095377086
Graphite,2021-01-01,Intermediary,1.8929930276462534,0.4141086857089069,1.2342236886410043
Graphite,2021-02-01,Adversary,1.569795326981708,0.9040661753649977,2.1466639196238018
Graphite,2021-02-01,Intermediary,4.355849906002179,0.8603654481730081,8.154722697601793
Graphite,2021-03-01,Adversary,1.2728571836241918,0.6413337488155134,2.2689212168908384
Graphite,2021-03-01,Intermediary,2.9606631582456453,0.6270275399480919,7.248361255838281
Graphite,2021-04-01,Adversary,1.3162104555117233,0.788802447744364,2.3554418609864296
Graphite,2021-04-01,Intermediary,2.4208068367721407,0.6219951592436533,6.593069926495134
Graphite,2021-05-01,Adversary,1.3705448712826915,0.8927406335282151,1.7442165527341973
Graphite,2021-05-01,Intermediary,2.3974458713513176,0.6480860171211931,1.4418267374083813
Graphite,2021-06-01,Adversary,1.1887638119446442,0.7007046173069716,1.5667876187366052
Graphite,2021-06-01,Intermediary,4.129836181392118,0.7065416752161314,7.677137594521656
Graphite,2021-07-01,Adversary,1.4019393509330884,1.1369159171713241,1.4687830624300928
Graphite,2021-07-01,Intermediary,2.9970852247226647,0.5191026268029119,7.673418917257108
Graphite,2021-08-01,Adversary,1.32816011721467,0.9953635969980239,1.8106945667441552
Graphite,2021-08-01,Intermediary,3.177489890471907,0.6272137768818905,7.304184532128467
Graphite,2021-09-01,Adversary,1.3672802409799782,0.9356735503678181,1.3983203132077053
Graphite,2021-09-01,Intermediary,3.544677655454771,0.6582165397872678,7.115498517413763
Graphite,2021-10-01,Adversary,1.4193936205650912,0.8010495484170416,1.8001646173488732
Graphite,2021-10-01,Intermediary,2.4616714904645836,0.6862774035194417,3.177834341572963
Graphite,2021-11-01,Adversary,1.4497027676277774,0.8405438045903075,1.4826304076609516
Graphite,2021-11-01,Intermediary,2.012078354425099,0.5939454182136388,1.291798413498928
Graphite,2021-12-01,Adversary,1.5875992853219447,0.8408381466975501,2.2600745847033243
Graphite,2021-12-01,Intermediary,3.0312931120096036,0.8022828937347799,6.300343935824913
Graphite,2022-01-01,Adversary,1.5588316990279016,1.1287593806715703,1.6171625296071157
Graphite,2022-01-01,Intermediary,3.257424385921026,0.5763167373601432,6.467605724608576
Graphite,2022-02-01,Adversary,1.8302987028339088,0.9671639267348665,2.4333648219874515
Graphite,2022-02-01,Intermediary,5.091096325895869,0.8739191664312664,9.638541898537945
Graphite,2022-03-01,Adversary,2.5475326960601308,1.515976991030049,3.750862020504565
Graphite,2022-03-01,Intermediary,4.043593695036076,0.7547859254198791,8.37145940539492
Graphite,2022-04-01,Adversary,1.7157494752624425,1.0500323889687202,1.898678623540856
Graphite,2022-04-01,Intermediary,2.426948698299537,0.8195603409633285,1.8470247749716615
Graphite,2022-05-01,Adversary,2.0791484259021296,1.4589479747437173,3.252721419052992
Graphite,2022-05-01,Intermediary,2.562439836781686,0.8633360595955121,1.8014923627343844
Graphite,2022-06-01,Adversary,2.1790357082494523,1.3014224074679313,3.1134848299241624
Graphite,2022-06-01,Intermediary,2.7395505319490803,0.8224374407162521,3.604811990990878
Graphite,2022-07-01,Adversary,2.179380546341493,1.553035179402348,2.982994577010293
Graphite,2022-07-01,Intermediary,3.093974800714023,0.8774170926951542,7.00531042992823
Graphite,2022-08-01,Adversary,2.100756417696167,1.573657767988959,2.750290877126685
Graphite,2022-08-01,Intermediary,3.7577345168906,0.882891413927319,8.069233161897074
Graphite,2022-09-01,Adversary,2.39858122982039,1.3978165043901756,3.3403939274073324
Graphite,2022-09-01,Intermediary,3.4609396410029807,0.8658354253624817,7.719240758780881
Graphite,2022-10-01,Adversary,2.806506919334028,1.557522436457541,4.1694572938493595
Graphite,2022-10-01,Intermediary,3.953306909118922,0.8686428830797805,7.843069673438845
Graphite,2022-11-01,Adversary,2.893521002284081,1.605282454115579,4.2116152961606765
Graphite,2022-11-01,Intermediary,3.6997324658692805,0.8439552831015161,7.882345047616857
Graphite,2022-12-01,Adversary,1.9948424916971637,1.4368228121319138,2.764635050434134
Graphite,2022-12-01,Intermediary,3.236012261574805,0.8687343436151194,7.144756031631037
Graphite,2023-01-01,Adversary,1.7287011799168788,1.38837376692434,2.0038924897955206
Graphite,2023-01-01,Intermediary,3.832380851835739,0.8547161876869617,8.042973851085865
Graphite,2023-02-01,Adversary,2.2794596616170897,1.6662625382883476,2.5504690323569736
Graphite,2023-02-01,Intermediary,3.5372385817442282,0.7571522334563878,7.901714753152809
Graphite,2023-03-01,Adversary,1.6980441441080085,1.302522689976864,2.129487141958233
Graphite,2023-03-01,Intermediary,3.539665145388614,0.9617735071741759,7.686348808132406
Graphite,2023-04-01,Adversary,1.5813897360132072,1.114513964294993,1.9740643442407486
Graphite,2023-04-01,Intermediary,2.9414666830272846,0.802350394181394,6.513800527404361
Graphite,2023-05-01,Adversary,1.4910902264303634,1.3496856620168955,1.613723046059777
Graphite,2023-05-01,Intermediary,3.0489130722613105,0.8026103533758829,6.956906047417275
Graphite,2023-06-01,Adversary,1.7726326971745825,1.1963023214062865,1.5579328282150215
Graphite,2023-06-01,Intermediary,2.4703980316193,0.7956370055048144,3.8263401376817865
Graphite,2023-07-01,Adversary,1.623620255303513,1.022261023876075,1.9237254384120164
Graphite,2023-07-01,Intermediary,3.580602122156285,0.9319880025180642,7.0195428651685985
Graphite,2023-08-01,Adversary,1.9788199581545245,0.8742531998706106,1.7201501437422082
Graphite,2023-08-01,Intermediary,2.51631404593048,0.770892876767431,6.45938227367604
Graphite,2023-09-01,Adversary,1.9241658793007903,0.9059071957411896,2.931267109867382
Graphite,2023-09-01,Intermediary,2.2491529853286214,0.6636433407953501,1.795082088452273
Graphite,2023-10-01,Adversary,1.5811996546064486,0.8323503437368084,2.2561679136618236
Graphite,2023-10-01,Intermediary,2.6880296290800247,0.6366759385288523,6.29751778582224
Graphite,2023-11-01,Adversary,1.7595582689099598,1.1641732304301056,2.4121350429064736
Graphite,2023-11-01,Intermediary,2.3705931215982345,0.6014280831365478,4.945833124678056
Graphite,2023-12-01,Adversary,1.6817766981800852,0.7922157436702261,2.507250434284982
Graphite,2023-12-01,Intermediary,0.8446865111849648,0.5917884719776211,0.6630924372191611
Graphite,2024-01-01,Adversary,1.227947782178488,0.7232229828135716,1.411121754308186
Graphite,2024-01-01,Intermediary,1.0572702517552666,0.5123443346218046,0.6577686564445085
Graphite,2024-02-01,Adversary,1.6802496187226312,0.8799625974870001,2.110386102917791
Graphite,2024-02-01,Intermediary,1.8618191093341099,0.5542778001832521,1.5589344225965909
Graphite,2024-03-01,Adversary,1.5485331540068743,0.6461663452092514,2.2353122606746307
Graphite,2024-03-01,Intermediary,2.378336413491577,0.5739060901989638,4.735235643257896
Graphite,2024-04-01,Adversary,1.7619946684812693,1.1848949293609339,2.4063293940915806
Graphite,2024-04-01,Intermediary,1.8924771374417606,0.545843080192341,3.162255216021353
Graphite,2024-05-01,Adversary,1.890360096129148,1.2873741679377608,2.3373759793621542
Graphite,2024-05-01,Intermediary,1.9978201735806083,0.5829916853320408,4.230072225220618
Graphite,2024-06-01,Adversary,1.5108512885625893,0.7088247861765842,2.181727294563071
Graphite,2024-06-01,Intermediary,1.50876104799771,0.5387149611694637,0.9383263050519085
Graphite,2024-07-01,Adversary,1.0668117750055832,0.7769525945399127,1.190938288303167
Graphite,2024-07-01,Intermediary,1.6194619522554277,0.5132383262104124,2.635998589348807
Graphite,2024-08-01,Adversary,1.5338072636611422,1.1783867873934915,1.7377049599087084
Graphite,2024-08-01,Intermediary,1.3973814647477543,0.5823716316783478,1.8843247574939432
Graphite,2024-09-01,Adversary,1.5261821157433786,0.505217416714681,2.2034481146640035
Graphite,2024-09-01,Intermediary,1.2301889313193575,0.44869534906915987,0.9637606752970028
Graphite,2024-10-01,Adversary,1.2547652011647517,0.5205833600349861,1.8506873295814248
Graphite,2024-10-01,Intermediary,1.6290603808430193,0.5504774415880754,2.524753948993588
Graphite,2024-11-01,Adversary,1.8764904062142762,1.4075480582791282,2.526175547497302
Graphite,2024-11-01,Intermediary,1.5808993653930687,0.46428579261154246,2.4058642948894415
Graphite,2024-12-01,Adversary,1.3297999227084052,0.48414273588759726,1.9137330033116067
Graphite,2024-12-01,Intermediary,1.3131614185548086,0.45085205601377265,2.1432828481190485
Rare Earths,2017-01-01,Adversary,42.52335662163672,42.52335663239895,42.523356700524644
Rare Earths,2017-01-01,Intermediary,42.52335669301527,42.52335660924215,42.5233567179856
Rare Earths,2017-02-01,Adversary,42.52335668891906,42.523356570369536,42.523356669524006
Rare Earths,2017-02-01,Intermediary,42.52335666866382,42.5233566104424,42.52335678863893
Rare Earths,2017-03-01,Adversary,42.52335665006494,42.5233566052236,42.52335667408655
Rare Earths,2017-03-01,Intermediary,42.523356610546344,42.52335664552077,42.52335671979901
Rare Earths,2017-04-01,Adversary,42.523356658702085,42.5233566182566,42.52335663754082
Rare Earths,2017-04-01,Intermediary,42.52335668113173,42.52335661403362,42.52335672165342
Rare Earths,2017-05-01,Adversary,42.52335664264388,42.523356594137915,42.52335670649539
Rare Earths,2017-05-01,Intermediary,42.523356631343646,42.52335656874715,42.52335670272984
Rare Earths,2017-06-01,Adversary,42.523356646284405,42.523356611853714,42.52335666394226
Rare Earths,2017-06-01,Intermediary,42.52335669648413,42.52335655429552,42.523356731620275
Rare Earths,2017-07-01,Adversary,42.52335665868034,42.52335663025419,42.52335668515331
Rare Earths,2017-07-01,Intermediary,42.52335667980167,42.52335662799566,42.52335674793839
Rare Earths,2017-08-01,Adversary,42.52335660950646,42.52335658845627,42.52335667494762
Rare Earths,2017-08-01,Intermediary,42.523356656973114,42.52335653699286,42.52335673469968
Rare Earths,2017-09-01,Adversary,42.52335661527335,42.52335657723799,42.52335665967142
Rare Earths,2017-09-01,Intermediary,42.523356613950064,42.52335658279006,42.5233567181829
Rare Earths,2017-10-01,Adversary,42.52335660724256,42.523356577715944,42.523356679956706
Rare Earths,2017-10-01,Intermediary,42.52335660970531,42.52335655463674,42.52335673210338
Rare Earths,2017-11-01,Adversary,42.52335663946051,42.52335661086466,42.52335667336506
Rare Earths,2017-11-01,Intermediary,42.52335666249329,42.523356593454714,42.52335673246537
Rare Earths,2017-12-01,Adversary,42.52335665389903,42.523356616878075,42.52335665810641
Rare Earths,2017-12-01,Intermediary,42.52335668943909,42.5233566187501,42.523356721030034
Rare Earths,2018-01-01,Adversary,18.757001455753397,14.638677552856437,20.21820524597399
Rare Earths,2018-01-01,Intermediary,13.832374985039207,3.9875026538147167,21.145897120113965
Rare Earths,2018-02-01,Adversary,16.44331490822953,9.883191310132073,19.813137386068984
Rare Earths,2018-02-01,Intermediary,12.94817966363287,4.802361855741873,17.73714357595972
Rare Earths,2018-03-01,Adversary,18.293132613633368,12.78663757479276,25.332078868245073
Rare Earths,2018-03-01,Intermediary,20.742337014566914,9.352051860988285,29.060864990905465
Rare Earths,2018-04-01,Adversary,19.592039295569258,14.429370770221194,29.12420928773949
Rare Earths,2018-04-01,Intermediary,14.404951875691092,5.0731425142728135,20.24670639874546
Rare Earths,2018-05-01,Adversary,18.87272032136676,13.270158257873653,25.735963687641004
Rare Earths,2018-05-01,Intermediary,14.326921669950524,3.7585391713513174,21.04033055878074
Rare Earths,2018-06-01,Adversary,16.808602288885442,10.63019860347393,21.648799106125267
Rare Earths,2018-06-01,Intermediary,12.813575246796114,4.121127855574852,18.224820461024265
Rare Earths,2018-07-01,Adversary,16.868893037657525,12.738162764892468,14.602041122150109
Rare Earths,2018-07-01,Intermediary,14.245417106706652,4.709225615360989,20.322714840783213
Rare Earths,2018-08-01,Adversary,18.203326041968786,13.698293785413862,22.7999240432346
Rare Earths,2018-08-01,Intermediary,15.770728685979854,3.8212678850030906,17.177802238698753
Rare Earths,2018-09-01,Adversary,18.42431529126903,13.538845745308658,23.015436692956516
Rare Earths,2018-09-01,Intermediary,14.513318673931671,3.5809530876536635,19.547582917010654
Rare Earths,2018-10-01,Adversary,20.186028650823957,14.661635744980448,25.601235245375577
Rare Earths,2018-10-01,Intermediary,15.353450817456535,4.094819270629056,22.637489232880668
Rare Earths,2018-11-01,Adversary,15.864680356967797,10.867432940213206,15.107947435181696
Rare Earths,2018-11-01,Intermediary,12.932678079046289,3.795547828589652,17.461380821357427
Rare Earths,2018-12-01,Adversary,15.566978802218141,8.233098661775959,20.46475781159877
Rare Earths,2018-12-01,Intermediary,15.589551985990441,4.068736128398819,19.495806654686564
Rare Earths,2019-01-01,Adversary,18.103397382602044,11.793823695912486,24.92563175906325
Rare Earths,2019-01-01,Intermediary,12.273867281891949,3.5599202189829624,17.28667740585055
Rare Earths,2019-02-01,Adversary,20.186274326630638,13.290833419037005,26.630184044445716
Rare Earths,2019-02-01,Intermediary,14.827369065158283,4.311398559896348,22.694693758089073
Rare Earths,2019-03-01,Adversary,17.103210837650924,10.493229468347973,21.913766965755947
Rare Earths,2019-03-01,Intermediary,15.73887428472803,5.165021138882104,22.155019744816183
Rare Earths,2019-04-01,Adversary,19.74897467657572,11.156322557340118,28.349562486888725
Rare Earths,2019-04-01,Intermediary,13.539050152694276,3.9352345664510144,20.422851976688555
Rare Earths,2019-05-01,Adversary,18.298207272071352,11.200513839485813,24.8316684694966
Rare Earths,2019-05-01,Intermediary,11.518906666274157,3.18739416259466,17.036385242554783
Rare Earths,2019-06-01,Adversary,20.137346855348476,14.919779308764724,26.412770566807975
Rare Earths,2019-06-01,Intermediary,14.244106297309104,4.172384048716426,18.41909548182118
Rare Earths,2019-07-01,Adversary,16.538171407550568,12.513464983293659,20.14641989127808
Rare Earths,2019-07-01,Intermediary,16.104848460072017,3.946569954212096,25.063936811603963
Rare Earths,2019-08-01,Adversary,17.506195614011574,11.761391190391912,19.28570886246225
Rare Earths,2019-08-01,Intermediary,11.161282218831902,2.8162853299133275,10.961266040281936
Rare Earths,2019-09-01,Adversary,19.219047653932424,11.647301381181533,26.33723613688335
Rare Earths,2019-09-01,Intermediary,15.72364372523728,4.327029390585211,23.93375316388587
Rare Earths,2019-10-01,Adversary,18.800554672763784,13.68225813948521,23.11394688160661
Rare Earths,2019-10-01,Intermediary,13.119134363635176,4.025380565640138,18.58851830791419
Rare Earths,2019-11-01,Adversary,23.494104183532603,16.84622280976626,28.915557416543287
Rare Earths,2019-11-01,Intermediary,14.462638706502092,4.100685570494848,20.258521021904482
Rare Earths,2019-12-01,Adversary,19.878881685215173,11.927337466593748,26.751359872689278
Rare Earths,2019-12-01,Intermediary,12.591855829659506,3.5861552458690826,15.133448975398634
Rare Earths,2020-01-01,Adversary,16.41729792809691,12.758071634748104,20.324479905151886
Rare Earths,2020-01-01,Intermediary,11.547170040489672,3.4460004140840566,15.296614867407916
Rare Earths,2020-02-01,Adversary,20.475159542037876,10.41284900159718,27.958404009638425
Rare Earths,2020-02-01,Intermediary,18.522247731544073,4.310410644867225,25.327491432785216
Rare Earths,2020-03-01,Adversary,15.783234770861826,11.145435258004076,21.54918046804538
Rare Earths,2020-03-01,Intermediary,13.057173650860793,3.0690056225281714,15.365557007822916
Rare Earths,2020-04-01,Adversary,18.10189519924782,10.893382396653307,24.8676785717859
Rare Earths,2020-04-01,Intermediary,16.89802328832593,5.568839956285707,19.55897812060018
Rare Earths,2020-05-01,Adversary,19.873809470315475,11.287086988520484,26.467551135100706
Rare Earths,2020-05-01,Intermediary,20.221442415401263,8.049594987881951,29.740657859144513
Rare Earths,2020-06-01,Adversary,19.4909842382535,13.19919074970155,25.707945340893176
Rare Earths,2020-06-01,Intermediary,17.61518441841848,6.14158438738187,18.93204076131026
Rare Earths,2020-07-01,Adversary,23.115192059479575,18.753451209923533,25.03530660074376
Rare Earths,2020-07-01,Intermediary,15.67072900109057,4.490831824681783,19.276830874832555
Rare Earths,2020-08-01,Adversary,20.698211648272522,14.403953498335675,29.105631608816264
Rare Earths,2020-08-01,Intermediary,14.133153374719079,3.5270592619797414,20.75119331944599
Rare Earths,2020-09-01,Adversary,19.737653038457836,13.2431619396231,28.595095837174238
Rare Earths,2020-09-01,Intermediary,14.624172445051853,3.7286623304310638,20.805007346091024
Rare Earths,2020-10-01,Adversary,20.90325316168688,14.35536517110643,26.384243244888815
Rare Earths,2020-10-01,Intermediary,15.289112907945405,4.693590708421427,19.88022297031899
Rare Earths,2020-11-01,Adversary,21.624253219383856,17.76618478852484,29.13826927887635
Rare Earths,2020-11-01,Intermediary,14.80187036903104,4.403969049848785,20.026660672642794
Rare Earths,2020-12-01,Adversary,20.260479591829814,12.899051633572427,30.300636953215975
Rare Earths,2020-12-01,Intermediary,15.829873546779195,4.4273661922870104,21.985991610023063
Rare Earths,2021-01-01,Adversary,22.8268532120971,17.074358279582437,29.54319143227372
Rare Earths,2021-01-01,Intermediary,16.7549525484569,3.562690533160147,27.778873002758093
Rare Earths,2021-02-01,Adversary,20.180608965234875,13.231633933013795,26.19088424228289
Rare Earths,2021-02-01,Intermediary,19.984220961895506,5.811871501865116,28.2774389727028
Rare Earths,2021-03-01,Adversary,19.71129864888579,16.43239232257925,21.859575050118774
Rare Earths,2021-03-01,Intermediary,21.090447593208932,5.919755814737234,30.699940718305875
Rare Earths,2021-04-01,Adversary,26.238620467241663,19.260277651961328,29.851602336331684
Rare Earths,2021-04-01,Intermediary,19.94791928871378,4.657948587850356,33.17438047313938
Rare Earths,2021-05-01,Adversary,25.851148626634707,18.754719824946662,32.78014271817835
Rare Earths,2021-05-01,Intermediary,19.856184166774685,4.949864384038142,30.12933541749423
Rare Earths,2021-06-01,Adversary,25.305092381450997,20.310716457537932,34.68473924155442
Rare Earths,2021-06-01,Intermediary,19.766556661035832,4.866323367920133,30.51248041881082
Rare Earths,2021-07-01,Adversary,27.117756838887786,19.262304236405328,33.189584589380566
Rare Earths,2021-07-01,Intermediary,23.4850150125334,4.771155069244988,34.362549424651014
Rare Earths,2021-08-01,Adversary,25.651229587689823,20.47838302213185,31.23113492279641
Rare Earths,2021-08-01,Intermediary,23.56621208369106,6.733393163162173,39.14203434092864
Rare Earths,2021-09-01,Adversary,26.989875406612395,17.242958284054687,36.57655275822545
Rare Earths,2021-09-01,Intermediary,23.023197067410738,5.243410982491218,39.74098530150212
Rare Earths,2021-10-01,Adversary,27.221000365182093,18.469009045571905,34.51021824698381
Rare Earths,2021-10-01,Intermediary,24.981019311239482,5.303335870451347,39.40936887930657
Rare Earths,2021-11-01,Adversary,24.89617737982954,15.478490477579886,33.673239085292
Rare Earths,2021-11-01,Intermediary,21.910145801106154,4.8728567955193265,47.86055683426659
Rare Earths,2021-12-01,Adversary,24.800160856547127,17.58618547743351,32.61154796227967
Rare Earths,2021-12-01,Intermediary,24.39867684401758,5.430418047180323,41.55934842651542
Rare Earths,2022-01-01,Adversary,31.906825376972293,22.29622529339354,35.09448850605625
Rare Earths,2022-01-01,Intermediary,25.138141148358518,7.017480120301535,46.17676804091744
Rare Earths,2022-02-01,Adversary,29.918009193125524,17.1836860966116,40.30124303245261
Rare Earths,2022-02-01,Intermediary,28.705707755992293,8.804903154637692,44.36140981063667
Rare Earths,2022-03-01,Adversary,33.32920204780097,14.859542087355116,51.99457620745421
Rare Earths,2022-03-01,Intermediary,34.54482696014384,9.121250424937829,54.738473430592535
Rare Earths,2022-04-01,Adversary,43.59215629987272,21.61934362734081,64.99703695312841
Rare Earths,2022-04-01,Intermediary,29.428452277677966,6.060143820408452,48.67318022456464
Rare Earths,2022-05-01,Adversary,41.07155488110471,21.580807344099856,60.718871273086755
Rare Earths,2022-05-01,Intermediary,32.60171972123973,8.706185453940932,59.84408738874259
Rare Earths,2022-06-01,Adversary,38.13878317112454,21.218204736821257,51.01113199503243
Rare Earths,2022-06-01,Intermediary,31.223320861971917,9.487027245490502,54.13653086095494
Rare Earths,2022-07-01,Adversary,43.36926126685278,31.783983015518825,50.984623149206364
Rare Earths,2022-07-01,Intermediary,30.623097506510504,9.832241642152994,59.56912473240928
Rare Earths,2022-08-01,Adversary,46.27246153692947,28.256474176888528,67.36105796697622
Rare Earths,2022-08-01,Intermediary,30.147161494598446,10.742597801547916,55.72893392320258
Rare Earths,2022-09-01,Adversary,39.49730948263727,24.170138643569246,56.163293294907035
Rare Earths,2022-09-01,Intermediary,28.36503956016802,8.842729753412538,42.00766184967804
Rare Earths,2022-10-01,Adversary,39.953993228325984,27.40525298082682,55.030776115196716
Rare Earths,2022-10-01,Intermediary,26.646302122484613,6.7078833849040835,41.780818801743834
Rare Earths,2022-11-01,Adversary,48.60895609201958,34.078942296254176,63.54163877056396
Rare Earths,2022-11-01,Intermediary,22.63444573304259,6.527456760187214,35.512676270278014
Rare Earths,2022-12-01,Adversary,34.41372230160179,22.523767790399905,39.93500338862435
Rare Earths,2022-12-01,Intermediary,26.413032960673895,8.642388159846465,41.62192611074156
Rare Earths,2023-01-01,Adversary,34.78048005873001,20.651297599580435,49.14821177939582
Rare Earths,2023-01-01,Intermediary,22.796038974904153,8.34100385320959,39.31286639437531
Rare Earths,2023-02-01,Adversary,45.15987433543471,28.858114087733256,62.735519813710084
Rare Earths,2023-02-01,Intermediary,29.808073599701295,11.611597500056735,47.170203883448465
Rare Earths,2023-03-01,Adversary,38.61384513766754,29.62495784165637,55.921170003797954
Rare Earths,2023-03-01,Intermediary,24.46274245316254,7.009342000751191,36.64716597472408
Rare Earths,2023-04-01,Adversary,37.58742362026707,23.727631825348197,48.66278551525121
Rare Earths,2023-04-01,Intermediary,20.738539841551745,5.95725674867284,36.68482086230113
Rare Earths,2023-05-01,Adversary,31.459368670807297,19.297677915662746,38.78316484750997
Rare Earths,2023-05-01,Intermediary,21.414969052765766,6.215419063575113,37.49303637427123
Rare Earths,2023-06-01,Adversary,29.442282810348885,19.71241827791754,41.53271036639156
Rare Earths,2023-06-01,Intermediary,18.544429595517244,6.2653997812982345,31.744905687467018
Rare Earths,2023-07-01,Adversary,28.876969487115353,18.911711173921418,44.61690948388655
Rare Earths,2023-07-01,Intermediary,19.450297461479316,7.378430406634512,39.75818021117698
Rare Earths,2023-08-01,Adversary,28.158280300666863,20.626257399228425,35.924763482044206
Rare Earths,2023-08-01,Intermediary,19.93214626295526,7.320508549903825,34.68326510418045
Rare Earths,2023-09-01,Adversary,28.395413787646124,18.793632583068817,32.67352023361376
Rare Earths,2023-09-01,Intermediary,21.82177747570304,8.148386872473866,34.2776030343554
Rare Earths,2023-10-01,Adversary,23.264440714674105,15.427262790173186,27.825185574781287
Rare Earths,2023-10-01,Intermediary,22.232881419882514,8.034695389874026,36.82787404963564
Rare Earths,2023-11-01,Adversary,27.082088772657798,21.447905450910806,33.26323478516773
Rare Earths,2023-11-01,Intermediary,18.630333287296693,5.843535288650567,29.336240765638546
Rare Earths,2023-12-01,Adversary,30.022508937065616,21.539815341378983,41.89965358974841
Rare Earths,2023-12-01,Intermediary,18.30663175612348,7.563585429187734,28.37273285632289
Rare Earths,2024-01-01,Adversary,21.62361364892437,13.83800541864913,31.34685920697428
Rare Earths,2024-01-01,Intermediary,19.500466942211805,6.697004485353731,32.386500890126484
Rare Earths,2024-02-01,Adversary,27.27770877312608,20.388561145848488,38.409025054554924
Rare Earths,2024-02-01,Intermediary,18.90621808731574,6.139979571275559,29.546313074007806
Rare Earths,2024-03-01,Adversary,26.017148897759192,21.282956979933488,34.44050151505061
Rare Earths,2024-03-01,Intermediary,24.510234077447247,7.867266310526449,34.15826676069046
Rare Earths,2024-04-01,Adversary,21.302948255852815,13.042865044253244,36.88963585999942
Rare Earths,2024-04-01,Intermediary,21.70598038947923,8.758724727105202,34.24128707323896
Rare Earths,2024-05-01,Adversary,18.549332924283117,10.177406140597743,18.38862675307973
Rare Earths,2024-05-01,Intermediary,18.62573582670642,6.158545031217839,29.826835615788383
Rare Earths,2024-06-01,Adversary,23.176522178906353,15.613019369204906,32.37045681768465
Rare Earths,2024-06-01,Intermediary,17.644447591861635,5.7196729402391195,31.08726296138722
Rare Earths,2024-07-01,Adversary,21.340328128565208,14.904110853616965,29.56720309009268
Rare Earths,2024-07-01,Intermediary,20.33153842411779,7.866413588555564,31.741065410322683
Rare Earths,2024-08-01,Adversary,21.25878503182855,12.781340030441738,32.48505176315948
Rare Earths,2024-08-01,Intermediary,20.143744622634205,7.903618103602222,32.141215238612105
Rare Earths,2024-09-01,Adversary,22.511183261398024,14.475919727087504,36.59809257744428
Rare Earths,2024-09-01,Intermediary,19.262324880823083,8.17855071975192,30.41090089634462
Rare Earths,2024-10-01,Adversary,21.773804224007932,16.36816768008871,29.758160348767255
Rare Earths,2024-10-01,Intermediary,17.461499383003474,7.9443370606491195,33.72316773963694
Rare Earths,2024-11-01,Adversary,21.098277580752733,14.511613303638386,28.09798267396708
Rare Earths,2024-11-01,Intermediary,18.722762167595572,9.185460209847632,26.463658225016268
Rare Earths,2024-12-01,Adversary,25.661932106261336,16.500010138976695,36.12903996609811
Rare Earths,2024-12-01,Intermediary,18.620239289931856,8.383686540147258,28.07040733369367
Gallium/Germanium,2017-01-01,Adversary,22.67782345286394,22.677823329527524,22.677823504674418
Gallium/Germanium,2017-01-01,Intermediary,22.67782409701684,22.677823125008764,22.67782503891756
Gallium/Germanium,2017-02-01,Adversary,22.677823491132294,22.67782318262206,22.677823685548027
Gallium/Germanium,2017-02-01,Intermediary,22.67782403550027,22.67782280296609,22.677824663522674
Gallium/Germanium,2017-03-01,Adversary,22.677823585647626,22.677823374014025,22.677823587829156
Gallium/Germanium,2017-03-01,Intermediary,22.677823541279427,22.677821931203358,22.67782424772396
Gallium/Germanium,2017-04-01,Adversary,22.677823320713763,22.677823313965405,22.67782353071885
Gallium/Germanium,2017-04-01,Intermediary,22.677823002526008,22.67782234812315,22.677825067953016
Gallium/Germanium,2017-05-01,Adversary,22.677823538764105,22.677823313689537,22.677823672317835
Gallium/Germanium,2017-05-01,Intermediary,22.677823963626405,22.677823206320134,22.677826996086896
Gallium/Germanium,2017-06-01,Adversary,22.67782327572867,22.67782330298352,22.677823615384238
Gallium/Germanium,2017-06-01,Intermediary,22.67782303599922,22.677822841007465,22.677823158650497
Gallium/Germanium,2017-07-01,Adversary,22.677823513319353,22.677823405186786,22.677823549036983
Gallium/Germanium,2017-07-01,Intermediary,22.677823519241162,22.67782327538444,22.677823990026177
Gallium/Germanium,2017-08-01,Adversary,22.677823397680434,22.67782317784921,22.67782363202079
Gallium/Germanium,2017-08-01,Intermediary,22.67782360792713,22.67782272012664,22.67782441046091
Gallium/Germanium,2017-09-01,Adversary,22.677823500358688,22.677823282078993,22.677823585155007
Gallium/Germanium,2017-09-01,Intermediary,22.677823868483774,22.677823405170628,22.67782392325672
Gallium/Germanium,2017-10-01,Adversary,22.677823339514827,22.67782333638765,22.677823464139816
Gallium/Germanium,2017-10-01,Intermediary,22.67782466801221,22.67782382820913,22.677825537963177
Gallium/Germanium,2017-11-01,Adversary,22.677823430284967,22.677823269245767,22.677823629867074
Gallium/Germanium,2017-11-01,Intermediary,22.677822495015167,22.677821344831358,22.677822960667708
Gallium/Germanium,2017-12-01,Adversary,22.67782337201409,22.677823313442556,22.677823552922135
Gallium/Germanium,2017-12-01,Intermediary,22.67781915963645,22.67782102898216,22.677825131918215
Gallium/Germanium,2018-01-01,Adversary,12.439588465644862,11.70296663967128,14.8042497006081
Gallium/Germanium,2018-01-01,Intermediary,2.701463879322212,1.6693839905289927,2.4002797622894385
Gallium/Germanium,2018-02-01,Adversary,14.302325418598004,11.158866067090267,17.569786707016174
Gallium/Germanium,2018-02-01,Intermediary,3.412939088704079,1.2927310168472148,4.294674231309002
Gallium/Germanium,2018-03-01,Adversary,14.465194490134772,14.744912863062282,16.322394458833717
Gallium/Germanium,2018-03-01,Intermediary,3.862389824088936,1.1240385006458962,5.044985102557532
Gallium/Germanium,2018-04-01,Adversary,15.648762101544964,13.374422357091458,18.625021377611603
Gallium/Germanium,2018-04-01,Intermediary,3.692638567692632,1.5608777884360063,3.997813633620856
Gallium/Germanium,2018-05-01,Adversary,16.479041822656086,14.325652970912852,20.73204461090237
Gallium/Germanium,2018-05-01,Intermediary,3.113202878227457,1.5381823376126829,3.849168959948867
Gallium/Germanium,2018-06-01,Adversary,17.34299131076043,16.03117915437344,19.541489214887417
Gallium/Germanium,2018-06-01,Intermediary,4.163766221618118,2.338328061217472,4.310051393677828
Gallium/Germanium,2018-07-01,Adversary,17.398323684346707,12.337224229066411,21.14740127709343
Gallium/Germanium,2018-07-01,Intermediary,4.078080932105605,1.1455612031212283,5.331830747167689
Gallium/Germanium,2018-08-01,Adversary,16.51919686251077,14.789994261130582,18.752853297648095
Gallium/Germanium,2018-08-01,Intermediary,3.5718954779652763,1.02586803295217,3.6945119064542626
Gallium/Germanium,2018-09-01,Adversary,17.221274562186924,14.565584703062417,20.918708256539155
Gallium/Germanium,2018-09-01,Intermediary,4.074752592676526,2.0346791633326475,4.827035131269774
Gallium/Germanium,2018-10-01,Adversary,16.725052358450387,14.495242594799342,20.29231136178846
Gallium/Germanium,2018-10-01,Intermediary,3.029207720249753,1.041219248574439,4.0987769483531755
Gallium/Germanium,2018-11-01,Adversary,15.210318402681972,13.889324339082957,18.21635510072419
Gallium/Germanium,2018-11-01,Intermediary,3.4986208511964794,2.451886148157879,3.8062748081550524
Gallium/Germanium,2018-12-01,Adversary,14.593206395529648,10.819792265088141,17.86852626871385
Gallium/Germanium,2018-12-01,Intermediary,4.009015267907189,2.0749928511404905,4.932278958514739
Gallium/Germanium,2019-01-01,Adversary,13.905711912322483,10.640008304673787,16.975724654657334
Gallium/Germanium,2019-01-01,Intermediary,3.522778656439324,2.090009036641583,3.5171370981977423
Gallium/Germanium,2019-02-01,Adversary,14.023420296853342,13.86339071091113,16.60022473184043
Gallium/Germanium,2019-02-01,Intermediary,3.4670765511502792,2.9171216831414952,3.5392594629560006
Gallium/Germanium,2019-03-01,Adversary,11.90018184027778,9.68874105817017,15.127210369173202
Gallium/Germanium,2019-03-01,Intermediary,5.424571179638213,3.20056970185877,4.240679360730493
Gallium/Germanium,2019-04-01,Adversary,11.096885720482147,9.971137795823017,12.334422212905409
Gallium/Germanium,2019-04-01,Intermediary,4.09010046883556,2.4716901121451356,5.166213052104173
Gallium/Germanium,2019-05-01,Adversary,11.745503689025321,12.04306552175193,12.157224652338904
Gallium/Germanium,2019-05-01,Intermediary,3.5701597527738436,2.0023536844939573,4.2997074410848555
Gallium/Germanium,2019-06-01,Adversary,11.996172629864223,9.191855369406143,12.955152880999677
Gallium/Germanium,2019-06-01,Intermediary,3.085087280220676,1.1239332034001714,4.022499439406091
Gallium/Germanium,2019-07-01,Adversary,10.688719870584151,9.228283460070898,13.799076104876313
Gallium/Germanium,2019-07-01,Intermediary,3.764094064774956,2.8670642329552867,3.4928961217611927
Gallium/Germanium,2019-08-01,Adversary,11.378588679974214,10.605722747184803,13.148573241130377
Gallium/Germanium,2019-08-01,Intermediary,3.549653925152704,2.471218747541557,4.493378518674379
Gallium/Germanium,2019-09-01,Adversary,11.725907515989006,12.0378918352058,13.331959544376586
Gallium/Germanium,2019-09-01,Intermediary,3.60896154294805,2.349392821619226,4.156865604970955
Gallium/Germanium,2019-10-01,Adversary,11.770015054710372,10.23829605413519,14.11475127968778
Gallium/Germanium,2019-10-01,Intermediary,3.405439737208528,2.03678745266332,4.437255858757206
Gallium/Germanium,2019-11-01,Adversary,11.388680359676744,10.439571947545634,12.795252738161617
Gallium/Germanium,2019-11-01,Intermediary,3.554351539037743,2.6370217108644955,3.517199300653419
Gallium/Germanium,2019-12-01,Adversary,12.180906880288727,12.664682468960644,14.645058372258646
Gallium/Germanium,2019-12-01,Intermediary,3.7568690779867024,2.7611058027059077,4.382391201311937
Gallium/Germanium,2020-01-01,Adversary,9.59359895636818,9.205419522371445,12.595545892025779
Gallium/Germanium,2020-01-01,Intermediary,5.229787912371525,4.608925919264617,5.8320665061019685
Gallium/Germanium,2020-02-01,Adversary,9.998570479399524,9.44393720083667,11.561412181276133
Gallium/Germanium,2020-02-01,Intermediary,6.406934962380189,3.5092062930944588,7.573109152986312
Gallium/Germanium,2020-03-01,Adversary,11.52953028875807,10.401356089767924,14.418593919414262
Gallium/Germanium,2020-03-01,Intermediary,4.872184833638085,3.0866294764836275,5.431551266352642
Gallium/Germanium,2020-04-01,Adversary,10.590377252129786,10.636906362341414,12.063340312619419
Gallium/Germanium,2020-04-01,Intermediary,7.8414739200632955,6.73400321056968,7.6307477021193195
Gallium/Germanium,2020-05-01,Adversary,10.039191255566793,8.935558826822492,13.072889708760574
Gallium/Germanium,2020-05-01,Intermediary,9.935098526960896,2.256826300105764,16.361542567349
Gallium/Germanium,2020-06-01,Adversary,9.719994840504453,9.761577925763545,12.879112803750298
Gallium/Germanium,2020-06-01,Intermediary,7.348325395760396,0.9649699224076704,11.668277874209604
Gallium/Germanium,2020-07-01,Adversary,10.304758937817422,9.552558040090009,11.388307677727077
Gallium/Germanium,2020-07-01,Intermediary,3.9061350302699074,2.5292737053267813,3.255195437321542
Gallium/Germanium,2020-08-01,Adversary,9.355591415069469,8.226339857272597,10.908380747273744
Gallium/Germanium,2020-08-01,Intermediary,3.1291310134508827,2.4193165181213216,4.0057265647803
Gallium/Germanium,2020-09-01,Adversary,10.662718262201018,8.778410935483764,11.144705356405897
Gallium/Germanium,2020-09-01,Intermediary,4.032794933242913,2.3521963029740274,4.17962822970818
Gallium/Germanium,2020-10-01,Adversary,9.988897142585763,10.79329500934826,14.590786502322846
Gallium/Germanium,2020-10-01,Intermediary,3.604377081421687,2.3797212442933064,3.7956762121919287
Gallium/Germanium,2020-11-01,Adversary,10.001822612481913,9.754377996445017,12.398571031554097
Gallium/Germanium,2020-11-01,Intermediary,4.58037166453128,2.0907448836586915,4.795176407972795
Gallium/Germanium,2020-12-01,Adversary,11.134143431090765,8.759202359498364,12.583874951055302
Gallium/Germanium,2020-12-01,Intermediary,7.557155548411195,4.716839803625077,7.216501943430439
Gallium/Germanium,2021-01-01,Adversary,10.558637282683275,11.444811324584217,14.785670630612353
Gallium/Germanium,2021-01-01,Intermediary,4.879589588275013,2.5817362693326382,5.678791211925659
Gallium/Germanium,2021-02-01,Adversary,11.836890607661307,11.05990929305868,12.945725738079352
Gallium/Germanium,2021-02-01,Intermediary,13.588447448752353,13.792141894798066,16.599709054705308
Gallium/Germanium,2021-03-01,Adversary,12.030120853846332,11.026370001534849,14.562768475996531
Gallium/Germanium,2021-03-01,Intermediary,5.971371906814127,1.647644143338365,7.482700958605259
Gallium/Germanium,2021-04-01,Adversary,13.482638148785822,13.708568034785225,14.536301206119616
Gallium/Germanium,2021-04-01,Intermediary,5.379865926913604,4.4371251210925875,5.476794754058781
Gallium/Germanium,2021-05-01,Adversary,12.865854479926613,11.127911676545635,14.26928798531295
Gallium/Germanium,2021-05-01,Intermediary,7.361990596897784,1.2069168181259324,13.822517012589204
Gallium/Germanium,2021-06-01,Adversary,12.792019363364664,13.654017650582885,15.519850931662347
Gallium/Germanium,2021-06-01,Intermediary,8.155975677012373,1.892962238252063,13.05962069661265
Gallium/Germanium,2021-07-01,Adversary,13.07154295815746,13.32715581095319,13.895071199185972
Gallium/Germanium,2021-07-01,Intermediary,14.389072721551246,6.152101359523062,28.262516250172503
Gallium/Germanium,2021-08-01,Adversary,13.068642582575448,13.507850817908347,14.16498497594632
Gallium/Germanium,2021-08-01,Intermediary,10.419617452034782,4.679615516913679,20.631951139571427
Gallium/Germanium,2021-09-01,Adversary,14.330805313891911,14.69605292295252,16.086589123461206
Gallium/Germanium,2021-09-01,Intermediary,8.249422825376984,3.4764287925071518,7.546533286644807
Gallium/Germanium,2021-10-01,Adversary,14.516341739490205,12.508933497274043,15.655892391377643
Gallium/Germanium,2021-10-01,Intermediary,10.923652012686144,4.118357340072634,12.912640186928629
Gallium/Germanium,2021-11-01,Adversary,14.91595440076502,14.118217731807304,15.976958775104396
Gallium/Germanium,2021-11-01,Intermediary,5.823322537875515,3.3834238379465096,5.797961325786728
Gallium/Germanium,2021-12-01,Adversary,17.169185168964642,17.12222569854445,17.48453953330313
Gallium/Germanium,2021-12-01,Intermediary,7.723814576869896,3.8585175718423383,13.672345007385298
Gallium/Germanium,2022-01-01,Adversary,16.34473109180527,14.049769520500702,17.851438862431696
Gallium/Germanium,2022-01-01,Intermediary,8.722449179821016,3.707082242815085,9.854531741611948
Gallium/Germanium,2022-02-01,Adversary,16.679217236316166,16.79219876478532,20.844295654802202
Gallium/Germanium,2022-02-01,Intermediary,8.347744632513683,2.6307591907441656,7.538240970629082
Gallium/Germanium,2022-03-01,Adversary,15.88652590679327,11.464090209906347,18.833333151643053
Gallium/Germanium,2022-03-01,Intermediary,10.754447311828,2.1394828327722517,17.037337103333098
Gallium/Germanium,2022-04-01,Adversary,21.376479887964408,19.10779054302046,25.50726564838362
Gallium/Germanium,2022-04-01,Intermediary,11.560660123050598,3.899632579925768,12.82128265035391
Gallium/Germanium,2022-05-01,Adversary,20.92016988540841,15.090934869128992,27.207043550873593
Gallium/Germanium,2022-05-01,Intermediary,10.13698137931239,3.974063241400349,14.14091049308662
Gallium/Germanium,2022-06-01,Adversary,20.33627355774508,16.758855454928405,25.06092214476508
Gallium/Germanium,2022-06-01,Intermediary,11.088794193254078,6.714826340789453,18.5180538201363
Gallium/Germanium,2022-07-01,Adversary,19.016765510879328,17.77485437775072,20.735920952584397
Gallium/Germanium,2022-07-01,Intermediary,18.49324254351856,3.629292373155664,22.9880815747059
Gallium/Germanium,2022-08-01,Adversary,17.29107793943001,18.55107921168968,19.610896601031616
Gallium/Germanium,2022-08-01,Intermediary,5.945089051729872,1.7611220226494395,6.5897093346666695
Gallium/Germanium,2022-09-01,Adversary,16.875335279810923,15.881583357129461,18.204115679740337
Gallium/Germanium,2022-09-01,Intermediary,9.145113052873164,4.215898843265673,14.340791797751272
Gallium/Germanium,2022-10-01,Adversary,16.95233965058261,15.098291863299789,20.514087302050076
Gallium/Germanium,2022-10-01,Intermediary,7.35171896432799,2.538246268561323,9.841441571939644
Gallium/Germanium,2022-11-01,Adversary,15.906262966271758,16.30102343219613,16.829590436123397
Gallium/Germanium,2022-11-01,Intermediary,8.008702153787299,3.7065231778770826,10.388286030308917
Gallium/Germanium,2022-12-01,Adversary,16.344009584227074,14.580193564275927,19.250406300694124
Gallium/Germanium,2022-12-01,Intermediary,20.98981723886039,4.860456823424887,33.94906860916316
Gallium/Germanium,2023-01-01,Adversary,16.407172768683882,16.621600103967438,18.028529472591185
Gallium/Germanium,2023-01-01,Intermediary,14.73222289298704,3.964269474364376,25.841400378994035
Gallium/Germanium,2023-02-01,Adversary,16.814370656411572,16.74410512396131,20.598898035380866
Gallium/Germanium,2023-02-01,Intermediary,7.7820216206907435,2.683311713577404,6.425663726909394
Gallium/Germanium,2023-03-01,Adversary,16.162512448505524,15.93761643158772,17.29312598600525
Gallium/Germanium,2023-03-01,Intermediary,14.388495661300848,2.594328751029118,20.920997029423532
Gallium/Germanium,2023-04-01,Adversary,15.853465350251899,12.094352536102578,17.1096666226727
Gallium/Germanium,2023-04-01,Intermediary,6.535747903729778,3.3438474035311576,6.56227200071893
Gallium/Germanium,2023-05-01,Adversary,15.197008668751634,14.82435637714003,15.671138650996765
Gallium/Germanium,2023-05-01,Intermediary,7.5236061094761375,2.5270937132177735,8.323603812226159
Gallium/Germanium,2023-06-01,Adversary,14.887535796076044,13.647646855705402,17.055876966561357
Gallium/Germanium,2023-06-01,Intermediary,6.397761712111498,3.80831107683114,5.547127026685588
Gallium/Germanium,2023-07-01,Adversary,14.607078292850657,13.972854320553875,14.584452316164144
Gallium/Germanium,2023-07-01,Intermediary,6.853749377061318,4.657539342844731,6.112333340847797
Gallium/Germanium,2023-08-01,Adversary,13.536947134762848,13.517223666510557,14.450730458148552
Gallium/Germanium,2023-08-01,Intermediary,5.331463498869886,1.2975174003853382,8.177853738570041
Gallium/Germanium,2023-09-01,Adversary,14.367073651612436,13.266467844106412,15.215518467942374
Gallium/Germanium,2023-09-01,Intermediary,13.260598933260964,3.694462751623461,12.0735841703322
Gallium/Germanium,2023-10-01,Adversary,13.424609430240563,13.861662688181275,17.109306955537775
Gallium/Germanium,2023-10-01,Intermediary,10.736481368810267,5.808701049285627,15.87533208366704
Gallium/Germanium,2023-11-01,Adversary,13.526197529425465,11.336203233674524,14.708109059918762
Gallium/Germanium,2023-11-01,Intermediary,30.313493955305738,7.452657453434955,48.04560366544869
Gallium/Germanium,2023-12-01,Adversary,13.905821842617746,13.136731282465844,15.449073596583924
Gallium/Germanium,2023-12-01,Intermediary,18.397273296758364,6.207729415840556,11.928805847245389
Gallium/Germanium,2024-01-01,Adversary,12.031858335308273,12.217094490316756,13.562121684347767
Gallium/Germanium,2024-01-01,Intermediary,4.961589201136722,1.245721896204951,5.081663031755522
Gallium/Germanium,2024-02-01,Adversary,12.33726478070836,12.379426946815688,13.80534118712661
Gallium/Germanium,2024-02-01,Intermediary,3.7252851482497102,0.7483001042679744,4.2433111548842
Gallium/Germanium,2024-03-01,Adversary,12.402543537639884,11.896429629856142,13.643824130945235
Gallium/Germanium,2024-03-01,Intermediary,3.84328221870329,0.5298252350328105,5.540519802571099
Gallium/Germanium,2024-04-01,Adversary,12.006774915848759,10.57523303127483,14.13970640837687
Gallium/Germanium,2024-04-01,Intermediary,11.177459305999177,5.115409940823694,14.544333337470368
Gallium/Germanium,2024-05-01,Adversary,12.221222942804381,11.352969920281078,12.478424922879293
Gallium/Germanium,2024-05-01,Intermediary,6.554745731619042,3.5247914881820193,8.674190137089749
Gallium/Germanium,2024-06-01,Adversary,12.124293071974636,10.479542980370235,14.091474326005017
Gallium/Germanium,2024-06-01,Intermediary,5.380431625274786,1.442336432614818,7.529603719542744
Gallium/Germanium,2024-07-01,Adversary,12.169184776207862,12.426330874897374,13.21711577277375
Gallium/Germanium,2024-07-01,Intermediary,4.063583426644629,0.4240786607422356,5.192868921020554
Gallium/Germanium,2024-08-01,Adversary,12.255514504207769,10.535482180598267,13.113261731687794
Gallium/Germanium,2024-08-01,Intermediary,3.7255516193420735,0.28565383983971315,6.1882436624525345
Gallium/Germanium,2024-09-01,Adversary,12.332211765973273,11.848278314408965,13.723782757807056
Gallium/Germanium,2024-09-01,Intermediary,4.667346787728914,1.652156327996579,2.1739501097919587
Gallium/Germanium,2024-10-01,Adversary,11.444403123664124,11.109928452424501,12.356058082158327
Gallium/Germanium,2024-10-01,Intermediary,5.341294825128713,1.9965127016201187,7.435456439235506
Gallium/Germanium,2024-11-01,Adversary,12.47111592528843,11.817665070167292,14.946249793808631
Gallium/Germanium,2024-11-01,Intermediary,26.594524692316934,2.738218346218503,55.676305985257656
Gallium/Germanium,2024-12-01,Adversary,12.737929942313155,9.434193090603051,13.761601476962413
Gallium/Germanium,2024-12-01,Intermediary,19.057749720382503,1.5353064579861284,39.675322141222175
Polysilicon,2018-01-01,Adversary,92.07358477264717,78.28660620252623,87.16278415465118
Polysilicon,2018-01-01,Intermediary,19.51681284680492,10.353662941595456,29.708972897890344
Polysilicon,2018-02-01,Adversary,36.22064259636119,18.641758979912098,56.81310441832568
Polysilicon,2018-02-01,Intermediary,19.62471088931797,15.255461974634535,27.34160585882763
Polysilicon,2018-03-01,Adversary,60.2890114790879,21.815186581338946,106.06996689862568
Polysilicon,2018-03-01,Intermediary,15.322385682177632,15.228571428571428,27.259003657332183
Polysilicon,2018-04-01,Adversary,82.61568344688553,47.909044915181035,107.08653482718142
Polysilicon,2018-04-01,Intermediary,17.21587765354606,14.263432327922814,19.903828579613094
Polysilicon,2018-05-01,Adversary,95.5945646695645,84.06153952455224,108.56547595095996
Polysilicon,2018-05-01,Intermediary,15.857350558717235,15.474054639346994,54.45101041545526
Polysilicon,2018-06-01,Adversary,117.17249156874959,118.85485623964773,153.01948116717537
Polysilicon,2018-06-01,Intermediary,15.984834100266408,13.818967046084841,122.31942371898235
Polysilicon,2018-07-01,Adversary,118.87595616648109,93.10606810991388,138.65208679900874
Polysilicon,2018-07-01,Intermediary,14.703600838760744,13.8,50.20355984351725
Polysilicon,2018-08-01,Adversary,112.37610004914127,61.14470355859401,147.23793242231588
Polysilicon,2018-08-01,Intermediary,18.50459840588596,17.277414412821873,20.36197859936714
Polysilicon,2018-09-01,Adversary,44.92339814384711,21.183632441789513,49.22666606636568
Polysilicon,2018-09-01,Intermediary,59.32803347280335,9.48086866597725,36.130962237211676
Polysilicon,2018-10-01,Adversary,156.9342781498209,146.17928557251713,176.98669648812393
Polysilicon,2018-10-01,Intermediary,10.69440096935427,10.205706769199637,47.70669084731875
Polysilicon,2018-11-01,Adversary,120.82536332894232,121.53392259560137,141.30486356555073
Polysilicon,2018-11-01,Intermediary,21.42426245764813,3.00836820083682,10.8014106933508
Polysilicon,2018-12-01,Adversary,44.59667055778308,22.416631364277926,59.737487422329934
Polysilicon,2018-12-01,Intermediary,85.10902255639098,5.16146698482172,193.5220588235294
Polysilicon,2019-01-01,Adversary,76.29469261067649,32.685022769156554,126.3923498310614
Polysilicon,2019-01-01,Intermediary,296.67763157894734,71.3199109583805,478.97067448680355
Polysilicon,2019-02-01,Adversary,131.04319032259409,65.03271513559694,180.07868747122322
Polysilicon,2019-02-01,Intermediary,393.61187214611874,284.3325792168258,447.5030303030303
Polysilicon,2019-03-01,Adversary,44.69944291279647,19.526186489519123,30.076253452807208
Polysilicon,2019-03-01,Intermediary,352.1269379844961,231.2269723333384,458.28776978417267
Polysilicon,2019-04-01,Adversary,94.00388751181411,57.53310616767834,136.30413021069134
Polysilicon,2019-04-01,Intermediary,22.251037693835872,4.475242544017248,46.76495923259118
Polysilicon,2019-05-01,Adversary,94.47089851661573,46.554328330150284,116.29050464575552
Polysilicon,2019-05-01,Intermediary,23.242983641002553,1.8861681005956321,138.8291656153693
Polysilicon,2019-06-01,Adversary,61.70698532236994,30.985784467967783,118.89246958825335
Polysilicon,2019-06-01,Intermediary,377.2184557438795,269.74701812809434,426.41217798594846
Polysilicon,2019-07-01,Adversary,46.88893380963162,19.50189972516944,24.61513595989757
Polysilicon,2019-07-01,Intermediary,3.971264520641148,1.5,5.411714539811261
Polysilicon,2019-08-01,Adversary,36.98881263106813,16.944126849144098,47.43224543264377
Polysilicon,2019-08-01,Intermediary,207.31907023340491,63.445668173545634,361.6755320607858
Polysilicon,2019-09-01,Adversary,32.327874163664895,15.144351912474683,27.32677391097595
Polysilicon,2019-09-01,Intermediary,378.07028525440404,249.08811258011968,469.0374707259953
Polysilicon,2019-10-01,Adversary,29.17717928299028,8.961855956391682,27.243856251437222
Polysilicon,2019-10-01,Intermediary,26.187896695119285,2.441333333333333,16.851371325421653
Polysilicon,2019-11-01,Adversary,65.76068573496087,21.8978776471675,128.54012290360023
Polysilicon,2019-11-01,Intermediary,167.45333333333335,165.53809751503297,168.55140186915887
Polysilicon,2019-12-01,Adversary,63.11625980594096,31.98728464730322,112.09933415487917
Polysilicon,2019-12-01,Intermediary,9.03749649652462,7.490687917628097,17.99080051764241
Polysilicon,2020-01-01,Adversary,55.20696041361216,22.489424860853433,52.337330808907794
Polysilicon,2020-01-01,Intermediary,11.772157026571975,4.8767023813155825,13.700887451987246
Polysilicon,2020-02-01,Adversary,62.65786871159676,29.698399352267064,109.12592688634503
Polysilicon,2020-02-01,Intermediary,1.7,1.7,1.7
Polysilicon,2020-03-01,Adversary,31.84480979855033,20.803193315440712,32.461048057782044
Polysilicon,2020-03-01,Intermediary,214.58128078817734,49.17588170086118,380.43778077911145
Polysilicon,2020-04-01,Adversary,32.29687288080622,16.801536109572957,35.76991341411058
Polysilicon,2020-04-01,Intermediary,135.73643410852713,135.73643410852713,135.73643410852713
Polysilicon,2020-05-01,Adversary,62.875742526923986,44.8198374114622,81.88722052467072
Polysilicon,2020-05-01,Intermediary,10.365513054037644,10.0,12.564057700359132
Polysilicon,2020-06-01,Adversary,35.40870304484961,28.238668591396127,35.144871460755745
Polysilicon,2020-06-01,Intermediary,5.447896484915582,4.0,206.64981956183868
Polysilicon,2020-07-01,Adversary,35.846515167418914,15.723183524948709,43.22191704777508
Polysilicon,2020-07-01,Intermediary,220.2507457121551,121.26538856929797,233.685
Polysilicon,2020-08-01,Adversary,119.64392352192554,110.16304025527153,128.63829418045478
Polysilicon,2020-08-01,Intermediary,139.79415040633637,129.79715387919796,146.61770623742456
Polysilicon,2020-09-01,Adversary,122.03798372600627,113.1474487981269,137.29379651089522
Polysilicon,2020-09-01,Intermediary,178.0393162393162,30.700337333714778,290.90778097982707
Polysilicon,2020-10-01,Adversary,66.58868671999308,40.06303998498722,80.18278241453348
Polysilicon,2020-10-01,Intermediary,11.50444813979033,11.138446164999248,64.88389153372344
Polysilicon,2020-11-01,Adversary,21.703969873877988,8.981238898756661,42.7136025651639
Polysilicon,2020-11-01,Intermediary,2.2449552032351208,1.8,1.8823853756983913
Polysilicon,2020-12-01,Adversary,69.2188752675347,41.24987439963023,99.5867066159654
Polysilicon,2020-12-01,Intermediary,276.98173515981733,131.6454152297474,291.5817307692308
Polysilicon,2021-01-01,Adversary,131.0358927344889,111.63324246245456,154.30676191448265
Polysilicon,2021-01-01,Intermediary,5.211077195505521,4.5,7.035940117790284
Polysilicon,2021-02-01,Adversary,11.534395203763282,8.013692096877675,14.61104494324853
Polysilicon,2021-02-01,Intermediary,70.20205880341605,20.47273076997139,188.0952988104034
Polysilicon,2021-03-01,Adversary,56.25371407502604,40.70899016755098,59.09161669175135
Polysilicon,2021-03-01,Intermediary,13.245111658133528,11.643154761904762,13.911523394162415
Polysilicon,2021-04-01,Adversary,111.7337645936237,66.83937142977378,149.30134967321806
Polysilicon,2021-04-01,Intermediary,207.75830469986263,119.76237705353911,223.5253682487725
Polysilicon,2021-05-01,Adversary,73.52879417528212,50.97123976608187,113.25719285900585
Polysilicon,2021-05-01,Intermediary,148.90376948211954,18.037565926861546,234.2911877394636
Polysilicon,2021-06-01,Adversary,74.75396026373974,62.51223019976073,66.84153846691775
Polysilicon,2021-07-01,Adversary,78.78771661712497,50.487172939311634,88.32801387355724
Polysilicon,2021-07-01,Intermediary,154.54545454545453,154.54545454545453,154.54545454545453
Polysilicon,2021-08-01,Adversary,69.83046097433211,44.781431507326005,80.98187145988047
Polysilicon,2021-08-01,Intermediary,233.85198108740911,97.67406206480878,291.8791208791209
Polysilicon,2021-09-01,Adversary,72.71182240253499,58.74500767815143,67.92582399729277
Polysilicon,2021-09-01,Intermediary,137.80622157207833,9.472208403057301,267.4510534941792
Polysilicon,2021-10-01,Adversary,35.06916597202674,16.26402794805661,36.498801083120874
Polysilicon,2021-10-01,Intermediary,11.303102461575596,8.8,12.471449935344872
Polysilicon,2021-11-01,Adversary,82.25502695988861,57.99862713496021,103.47943881412945
Polysilicon,2021-11-01,Intermediary,6.990765624285193,2.0,6.012851640851122
Polysilicon,2021-12-01,Adversary,110.47355933475993,83.0205429305561,154.51192301611408
Polysilicon,2021-12-01,Intermediary,18.204013047346052,8.8,28.06629605166666
Polysilicon,2022-01-01,Adversary,113.87892181098493,72.46176558874103,127.71674829021019
Polysilicon,2022-01-01,Intermediary,13.932675299359609,3.1356246141181314,14.99469520233331
Polysilicon,2022-02-01,Adversary,76.80371131615209,46.71793179102536,96.54982945830852
Polysilicon,2022-02-01,Intermediary,175.37113402061857,175.37113402061857,175.37113402061857
Polysilicon,2022-03-01,Adversary,93.52737077270918,65.37338789227803,141.8730686547897
Polysilicon,2022-03-01,Intermediary,27.402194267882418,8.818927841422678,76.10875276278156
Polysilicon,2022-04-01,Adversary,109.91555050720179,99.54962126195892,125.88701687600555
Polysilicon,2022-04-01,Intermediary,369.46153846153845,369.46153846153845,369.46153846153845
Polysilicon,2022-05-01,Adversary,101.30545746040687,74.85079754382508,129.99586652965132
Polysilicon,2022-05-01,Intermediary,36.627042989812026,22.91376184204571,43.77333995492581
Polysilicon,2022-06-01,Adversary,105.0321633546094,73.69015950530257,101.06975569778203
Polysilicon,2022-06-01,Intermediary,334.05913978494624,334.05913978494624,334.05913978494624
Polysilicon,2022-07-01,Adversary,95.09389493668698,61.46690791974544,117.75330347193191
Polysilicon,2022-07-01,Intermediary,232.4388254486134,108.4324994159453,358.4271565327936
Polysilicon,2022-08-01,Adversary,107.6150656469652,94.79493665927257,124.5803682607317
Polysilicon,2022-08-01,Intermediary,38.94322599330638,17.272167532696315,72.87916641415796
Polysilicon,2022-09-01,Adversary,79.60746769997812,49.765434744057806,74.35201583216829
Polysilicon,2022-09-01,Intermediary,37.14994575458231,23.677214803909887,42.168776748718535
Polysilicon,2022-10-01,Adversary,115.99959714900046,84.21099802631416,135.76434761142613
Polysilicon,2022-10-01,Intermediary,38.5396870033811,24.95746079275794,190.77869444086065
Polysilicon,2022-11-01,Adversary,67.87970025282293,39.18490682859294,96.77566834465695
Polysilicon,2022-11-01,Intermediary,26.774888159349427,11.759612833432577,21.96746577270362
Polysilicon,2022-12-01,Adversary,69.33795436803801,27.671397021279716,119.4293132180873
Polysilicon,2022-12-01,Intermediary,34.359862613204484,12.942883554391225,84.43821683699028
Polysilicon,2023-01-01,Adversary,108.49710002624585,88.4511919409763,138.38083481074648
Polysilicon,2023-01-01,Intermediary,161.9814814814815,80.1573097947345,164.648343373494
Polysilicon,2023-02-01,Adversary,100.3024193606491,68.4003397277556,124.84363446073405
Polysilicon,2023-02-01,Intermediary,34.58211579082153,31.01403511429567,37.62674080383906
Polysilicon,2023-03-01,Adversary,93.30400091927757,69.96565311387224,86.54019366313277
Polysilicon,2023-03-01,Intermediary,34.97957624824667,34.84601359338061,118.58385775823103
Polysilicon,2023-04-01,Adversary,102.26926953141668,72.65331110339488,132.06292039622238
Polysilicon,2023-04-01,Intermediary,28.52968028458428,24.13129498954187,122.74518540660048
Polysilicon,2023-05-01,Adversary,97.06485213551248,76.42417692403711,101.00426678848491
Polysilicon,2023-05-01,Intermediary,22.454088399082003,20.369200687097784,77.12946894632465
Polysilicon,2023-06-01,Adversary,115.59631592843071,78.7626750044364,120.71201342032393
Polysilicon,2023-06-01,Intermediary,29.370428223389695,31.585756281469966,31.67814372297259
Polysilicon,2023-07-01,Adversary,110.54883203121751,60.47335548612408,158.9973447600286
Polysilicon,2023-07-01,Intermediary,20.883226937348255,15.851644475958729,22.90693160158744
Polysilicon,2023-08-01,Adversary,67.45613758091744,54.77498483334819,69.42858088076959
Polysilicon,2023-08-01,Intermediary,28.70078001686163,9.564539190291017,47.321324404355664
Polysilicon,2023-09-01,Adversary,60.97362772754609,39.44563394245456,69.28523598189669
Polysilicon,2023-09-01,Intermediary,21.683533796178047,9.572781677133358,47.83254516364089
Polysilicon,2023-10-01,Adversary,57.047012803821794,34.555571214908475,73.33153604832538
Polysilicon,2023-10-01,Intermediary,15.601058959443481,9.7422854710453,18.29800277919961
Polysilicon,2023-11-01,Adversary,85.81448233486186,48.19048455955701,109.73060611431023
Polysilicon,2023-11-01,Intermediary,10.288216243063838,9.531574728361482,11.052472117466714
Polysilicon,2023-12-01,Adversary,44.73547423929882,38.66686094995561,53.61409277544495
Polysilicon,2023-12-01,Intermediary,13.553909860188641,10.981255553910406,12.83096518041637
Polysilicon,2024-01-01,Adversary,19.444817565725646,2.1455467289719627,40.79160941922187
Polysilicon,2024-01-01,Intermediary,17.638355523701197,16.157926528602996,17.303796116905865
Polysilicon,2024-02-01,Adversary,89.7106864897226,45.98517361555421,84.46127623803407
Polysilicon,2024-02-01,Intermediary,13.11856444850223,9.94182729671044,15.47619645749845
Polysilicon,2024-03-01,Adversary,20.148021048096027,2.2101495327102803,42.90936161325307
Polysilicon,2024-03-01,Intermediary,12.722130297402252,9.391416078814702,18.800247638997693
Polysilicon,2024-04-01,Adversary,17.135092694546593,1.9275916690281238,29.704697301575283
Polysilicon,2024-04-01,Intermediary,15.762653675188501,9.733090802306847,22.20238223506082
Polysilicon,2024-05-01,Adversary,11.997002178161598,1.858545170498358,22.38632965750691
Polysilicon,2024-05-01,Intermediary,14.042611323010751,7.090526199250954,20.420113625847122
Polysilicon,2024-06-01,Adversary,29.606739281075356,8.179538343406062,47.75063445206813
Polysilicon,2024-06-01,Intermediary,12.650431360050678,5.90689091643701,10.015040867230429
Polysilicon,2024-07-01,Adversary,13.831346450680615,1.8761438848920864,12.427120563036143
Polysilicon,2024-07-01,Intermediary,12.312526004401926,5.912615332264097,20.167656984589463
Polysilicon,2024-08-01,Adversary,26.154903285586023,7.310737885061084,39.57891382842763
Polysilicon,2024-08-01,Intermediary,11.881705637647695,8.960684458624952,14.783084671770894
Polysilicon,2024-09-01,Adversary,13.965523497993917,1.8025330214924384,6.119402484625941
Polysilicon,2024-09-01,Intermediary,10.143556243946234,5.691411864517562,13.433567267603799
Polysilicon,2024-10-01,Adversary,13.206808123716906,1.6,34.48995828035077
Polysilicon,2024-10-01,Intermediary,9.185978183857523,6.24201970096789,12.077535997833674
Polysilicon,2024-11-01,Adversary,21.68464110945264,6.012275410008409,45.31704863826811
Polysilicon,2024-11-01,Intermediary,9.024188706280487,6.473356860666799,11.269956722833037
Polysilicon,2024-12-01,Adversary,9.432273996073823,1.8218344070209267,9.602174751378158
Polysilicon,2024-12-01,Intermediary,10.273103620398652,10.250087126119418,31.068546773345187
